,course_id,user_id,username,module,numQuizzesAvailable,numQuizzesCompleted,quizTimeliness,numVidRewatches,numVidUniqueWatched,numVidUnique,numUniqueThreads,numUniquePosts,numPostViewed
0,FwIgmXcZ,9396,FCGZBPQZ,1,3,0,0.0,5,8,18,0.0,0.0,8.0
1,FwIgmXcZ,9396,FCGZBPQZ,2,2,0,0.0,2,4,19,0.0,0.0,7.0
2,FwIgmXcZ,9396,FCGZBPQZ,3,3,3,7.328862344217,2,2,2,0.0,0.0,13.0
3,FwIgmXcZ,9396,FCGZBPQZ,4,1,1,24.871734437638153,13,15,18,0.0,0.0,10.0
4,FwIgmXcZ,9396,FCGZBPQZ,5,4,3,61.9792199634,3,12,14,0.0,0.0,10.0
5,FwIgmXcZ,9396,FCGZBPQZ,6,1,0,0.0,8,2,20,0.0,0.0,10.0
6,FwIgmXcZ,9396,FCGZBPQZ,7,1,1,116.8433836616319,1,13,18,0.0,0.0,8.0
7,FwIgmXcZ,456672,QIYFVDZV,1,3,1,46.57688852212605,1,1,18,0.0,0.0,20.0
8,FwIgmXcZ,456672,QIYFVDZV,2,2,2,57.83669754512786,3,19,19,0.0,0.0,10.0
9,FwIgmXcZ,456672,QIYFVDZV,3,3,1,14.689777695163,1,1,2,0.0,0.0,13.0
10,FwIgmXcZ,456672,QIYFVDZV,4,1,1,48.174378479711,4,12,18,0.0,0.0,6.0
11,FwIgmXcZ,456672,QIYFVDZV,5,4,2,52.63517636898236,2,5,14,0.0,0.0,5.0
12,FwIgmXcZ,456672,QIYFVDZV,6,1,1,11.381259187518,11,15,20,0.0,0.0,9.0
13,FwIgmXcZ,456672,QIYFVDZV,7,1,1,41.583293153359,5,13,18,0.0,0.0,8.0
14,FwIgmXcZ,2339882,BQMPJQZN,1,3,0,0.0,7,9,18,0.0,0.0,12.0
15,FwIgmXcZ,2339882,BQMPJQZN,2,2,0,0.0,5,15,19,0.0,0.0,6.0
16,FwIgmXcZ,2339882,BQMPJQZN,3,3,2,112.51798284855,1,1,2,0.0,0.0,16.0
17,FwIgmXcZ,2339882,BQMPJQZN,4,1,0,0.0,4,8,18,0.0,0.0,7.0
18,FwIgmXcZ,2339882,BQMPJQZN,5,4,4,95.597363512245,4,4,14,0.0,0.0,7.0
19,FwIgmXcZ,2339882,BQMPJQZN,6,1,1,33.58985751845568,4,11,20,0.0,0.0,3.0
20,FwIgmXcZ,2339882,BQMPJQZN,7,1,0,0.0,8,16,18,0.0,0.0,8.0
21,FwIgmXcZ,2686147,DNZCPYNH,1,3,1,25.831135337448664,1,1,18,0.0,0.0,13.0
22,FwIgmXcZ,2686147,DNZCPYNH,2,2,1,122.475768541,1,1,19,0.0,0.0,11.0
23,FwIgmXcZ,2686147,DNZCPYNH,3,3,2,97.24159272262,1,1,2,0.0,0.0,10.0
24,FwIgmXcZ,2686147,DNZCPYNH,4,1,1,115.21237815168307,1,4,18,1.0,1.0,12.0
25,FwIgmXcZ,2686147,DNZCPYNH,5,4,0,0.0,2,3,14,0.0,0.0,5.0
26,FwIgmXcZ,2686147,DNZCPYNH,6,1,1,41.94877766918573,1,1,20,0.0,0.0,8.0
27,FwIgmXcZ,2686147,DNZCPYNH,7,1,1,51.37318923342,7,1,18,0.0,0.0,11.0
28,FwIgmXcZ,4886108,JBDZPCTC,1,3,0,0.0,12,17,18,0.0,0.0,9.0
29,FwIgmXcZ,4886108,JBDZPCTC,2,2,0,0.0,9,12,19,0.0,0.0,5.0
30,FwIgmXcZ,4886108,JBDZPCTC,3,3,1,113.7935691643,1,1,2,0.0,0.0,15.0
31,FwIgmXcZ,4886108,JBDZPCTC,4,1,1,86.67295971627398,2,12,18,0.0,0.0,8.0
32,FwIgmXcZ,4886108,JBDZPCTC,5,4,1,77.51849961259,2,5,14,0.0,0.0,9.0
33,FwIgmXcZ,4886108,JBDZPCTC,6,1,0,0.0,1,4,20,0.0,0.0,11.0
34,FwIgmXcZ,4886108,JBDZPCTC,7,1,1,3.484588989611,8,13,18,0.0,0.0,17.0
35,FwIgmXcZ,5501798,DPFIUGEH,1,3,3,72.2916465232,1,3,18,0.0,0.0,17.0
36,FwIgmXcZ,5501798,DPFIUGEH,2,2,2,63.12328235537,14,18,19,0.0,0.0,9.0
37,FwIgmXcZ,5501798,DPFIUGEH,3,3,0,0.0,1,1,2,0.0,0.0,12.0
38,FwIgmXcZ,5501798,DPFIUGEH,4,1,0,0.0,13,15,18,0.0,0.0,11.0
39,FwIgmXcZ,5501798,DPFIUGEH,5,4,1,24.59113623954,1,1,14,0.0,0.0,10.0
40,FwIgmXcZ,5501798,DPFIUGEH,6,1,1,4.628844785876,1,2,20,0.0,0.0,4.0
41,FwIgmXcZ,5501798,DPFIUGEH,7,1,1,11.519785939152,5,6,18,0.0,0.0,9.0
42,FwIgmXcZ,7890372,BEQRHXRN,1,3,3,6.594721764156,1,3,18,0.0,0.0,13.0
43,FwIgmXcZ,7890372,BEQRHXRN,2,2,1,92.259267789549,17,17,19,0.0,0.0,8.0
44,FwIgmXcZ,7890372,BEQRHXRN,3,3,2,113.12974932521,1,1,2,0.0,0.0,9.0
45,FwIgmXcZ,7890372,BEQRHXRN,4,1,1,14.363652462,4,8,18,0.0,0.0,10.0
46,FwIgmXcZ,7890372,BEQRHXRN,5,4,4,1.677995753556,3,8,14,0.0,0.0,6.0
47,FwIgmXcZ,7890372,BEQRHXRN,6,1,0,0.0,1,8,20,0.0,0.0,7.0
48,FwIgmXcZ,7890372,BEQRHXRN,7,1,1,121.96987448421,5,15,18,0.0,0.0,7.0
49,FwIgmXcZ,8040999,YBJAIMNK,1,3,1,64.229449858384,12,17,18,0.0,0.0,17.0
50,FwIgmXcZ,8040999,YBJAIMNK,2,2,2,26.44616971269,6,6,19,0.0,0.0,8.0
51,FwIgmXcZ,8040999,YBJAIMNK,3,3,3,9.981758949169,1,1,2,0.0,0.0,17.0
52,FwIgmXcZ,8040999,YBJAIMNK,4,1,0,0.0,4,4,18,0.0,0.0,13.0
53,FwIgmXcZ,8040999,YBJAIMNK,5,4,2,54.43754123988,1,9,14,0.0,0.0,9.0
54,FwIgmXcZ,8040999,YBJAIMNK,6,1,1,42.73867189884,12,2,20,1.0,1.0,6.0
55,FwIgmXcZ,8040999,YBJAIMNK,7,1,0,0.0,1,11,18,0.0,0.0,6.0
56,FwIgmXcZ,9315340,OXDOUIIF,1,3,3,37.989639341687905,2,1,18,1.0,1.0,13.0
57,FwIgmXcZ,9315340,OXDOUIIF,2,2,1,22.37277981414,4,13,19,0.0,0.0,13.0
58,FwIgmXcZ,9315340,OXDOUIIF,3,3,0,0.0,1,1,2,0.0,0.0,10.0
59,FwIgmXcZ,9315340,OXDOUIIF,4,1,1,34.698678791332,1,11,18,0.0,0.0,8.0
60,FwIgmXcZ,9315340,OXDOUIIF,5,4,2,124.78517321875,1,1,14,0.0,0.0,6.0
61,FwIgmXcZ,9315340,OXDOUIIF,6,1,0,0.0,4,8,20,0.0,0.0,7.0
62,FwIgmXcZ,9315340,OXDOUIIF,7,1,1,14.1916684636,3,5,18,0.0,0.0,4.0
63,FwIgmXcZ,9535584,QYFLUHGS,1,3,0,0.0,1,2,18,0.0,0.0,11.0
64,FwIgmXcZ,9535584,QYFLUHGS,2,2,0,0.0,3,4,19,0.0,0.0,9.0
65,FwIgmXcZ,9535584,QYFLUHGS,3,3,1,91.896879142533,2,2,2,2.0,2.0,14.0
66,FwIgmXcZ,9535584,QYFLUHGS,4,1,1,68.42895621834259,1,9,18,0.0,0.0,11.0
67,FwIgmXcZ,9535584,QYFLUHGS,5,4,2,112.42367415858,1,5,14,0.0,0.0,6.0
68,FwIgmXcZ,9535584,QYFLUHGS,6,1,1,97.22476925987874,1,3,20,0.0,0.0,4.0
69,FwIgmXcZ,9535584,QYFLUHGS,7,1,1,124.78782523336,1,13,18,0.0,0.0,9.0
70,FwIgmXcZ,10229606,TEDJXGLQ,1,3,0,0.0,6,1,18,0.0,0.0,9.0
71,FwIgmXcZ,10229606,TEDJXGLQ,2,2,0,0.0,2,7,19,0.0,0.0,12.0
72,FwIgmXcZ,10229606,TEDJXGLQ,3,3,2,49.754917912213,1,1,2,0.0,0.0,17.0
73,FwIgmXcZ,10229606,TEDJXGLQ,4,1,0,0.0,1,1,18,0.0,0.0,10.0
74,FwIgmXcZ,10229606,TEDJXGLQ,5,4,2,82.7384234685944,1,11,14,0.0,0.0,7.0
75,FwIgmXcZ,10229606,TEDJXGLQ,6,1,0,0.0,1,2,20,1.0,1.0,9.0
76,FwIgmXcZ,10229606,TEDJXGLQ,7,1,0,0.0,1,17,18,0.0,0.0,13.0
77,FwIgmXcZ,10250853,DQXKYJRD,1,3,2,75.8386939247,5,6,18,0.0,0.0,4.0
78,FwIgmXcZ,10250853,DQXKYJRD,2,2,0,0.0,1,15,19,0.0,0.0,12.0
79,FwIgmXcZ,10250853,DQXKYJRD,3,3,1,42.297668572111,1,1,2,0.0,0.0,13.0
80,FwIgmXcZ,10250853,DQXKYJRD,4,1,1,54.4747437961,7,7,18,0.0,0.0,6.0
81,FwIgmXcZ,10250853,DQXKYJRD,5,4,3,12.22519234784,11,14,14,0.0,0.0,8.0
82,FwIgmXcZ,10250853,DQXKYJRD,6,1,0,0.0,2,1,20,0.0,0.0,7.0
83,FwIgmXcZ,10250853,DQXKYJRD,7,1,0,0.0,5,1,18,0.0,0.0,13.0
84,FwIgmXcZ,10459501,MRTMIMKE,1,3,0,0.0,17,17,18,2.0,2.0,16.0
85,FwIgmXcZ,10459501,MRTMIMKE,2,2,2,11.537565483292996,12,16,19,0.0,0.0,13.0
86,FwIgmXcZ,10459501,MRTMIMKE,3,3,1,14.1696148615,1,2,2,0.0,0.0,10.0
87,FwIgmXcZ,10459501,MRTMIMKE,4,1,0,0.0,5,15,18,0.0,0.0,11.0
88,FwIgmXcZ,10459501,MRTMIMKE,5,4,3,51.95639658496317,1,7,14,0.0,0.0,10.0
89,FwIgmXcZ,10459501,MRTMIMKE,6,1,0,0.0,2,5,20,0.0,0.0,10.0
90,FwIgmXcZ,10459501,MRTMIMKE,7,1,1,125.76956535199,1,11,18,0.0,0.0,11.0
91,FwIgmXcZ,11179859,QEZTYZPR,1,3,1,96.53145256685636,3,6,18,0.0,0.0,6.0
92,FwIgmXcZ,11179859,QEZTYZPR,2,2,1,18.22383614123,9,13,19,0.0,0.0,5.0
93,FwIgmXcZ,11179859,QEZTYZPR,3,3,3,59.993156232832,2,2,2,0.0,0.0,12.0
94,FwIgmXcZ,11179859,QEZTYZPR,4,1,1,13.388155596542,5,11,18,0.0,0.0,13.0
95,FwIgmXcZ,11179859,QEZTYZPR,5,4,4,97.89926467452527,3,9,14,0.0,0.0,5.0
96,FwIgmXcZ,11179859,QEZTYZPR,6,1,1,41.71861251894,13,18,20,0.0,0.0,9.0
97,FwIgmXcZ,11179859,QEZTYZPR,7,1,0,0.0,1,1,18,0.0,0.0,5.0
98,FwIgmXcZ,12077640,RJHTHYLD,1,3,1,86.93877576867341,2,3,18,0.0,0.0,11.0
99,FwIgmXcZ,12077640,RJHTHYLD,2,2,2,2.23559775515,8,8,19,0.0,0.0,10.0
100,FwIgmXcZ,12077640,RJHTHYLD,3,3,2,53.66559232188,1,1,2,2.0,2.0,7.0
101,FwIgmXcZ,12077640,RJHTHYLD,4,1,0,0.0,5,11,18,0.0,0.0,6.0
102,FwIgmXcZ,12077640,RJHTHYLD,5,4,2,113.6729684123,1,3,14,1.0,1.0,13.0
103,FwIgmXcZ,12077640,RJHTHYLD,6,1,0,0.0,4,4,20,0.0,0.0,9.0
104,FwIgmXcZ,12077640,RJHTHYLD,7,1,0,0.0,6,15,18,0.0,0.0,7.0
105,FwIgmXcZ,12162270,APMKQLVQ,1,3,3,12.18566533282,14,18,18,0.0,0.0,17.0
106,FwIgmXcZ,12162270,APMKQLVQ,2,2,2,15.6292795188,6,9,19,2.0,2.0,8.0
107,FwIgmXcZ,12162270,APMKQLVQ,3,3,3,124.94998283211082,1,2,2,0.0,0.0,10.0
108,FwIgmXcZ,12162270,APMKQLVQ,4,1,1,96.64214379944,1,6,18,0.0,0.0,6.0
109,FwIgmXcZ,12162270,APMKQLVQ,5,4,2,12.57546944897,1,2,14,0.0,0.0,6.0
110,FwIgmXcZ,12162270,APMKQLVQ,6,1,0,0.0,5,11,20,0.0,0.0,7.0
111,FwIgmXcZ,12162270,APMKQLVQ,7,1,0,0.0,1,2,18,0.0,0.0,14.0
112,FwIgmXcZ,13064262,VOSQTNFT,1,3,3,99.879617372184,8,17,18,0.0,0.0,9.0
113,FwIgmXcZ,13064262,VOSQTNFT,2,2,2,62.247995715758,9,1,19,0.0,0.0,5.0
114,FwIgmXcZ,13064262,VOSQTNFT,3,3,0,0.0,1,1,2,0.0,0.0,16.0
115,FwIgmXcZ,13064262,VOSQTNFT,4,1,1,56.3513461595,7,1,18,0.0,0.0,9.0
116,FwIgmXcZ,13064262,VOSQTNFT,5,4,0,0.0,6,9,14,0.0,0.0,7.0
117,FwIgmXcZ,13064262,VOSQTNFT,6,1,1,115.89795685466,1,4,20,0.0,0.0,3.0
118,FwIgmXcZ,13064262,VOSQTNFT,7,1,0,0.0,6,6,18,1.0,1.0,11.0
119,FwIgmXcZ,13182442,DIONQBSQ,1,3,3,75.46427423438445,3,1,18,0.0,0.0,9.0
120,FwIgmXcZ,13182442,DIONQBSQ,2,2,2,98.28947782385208,2,14,19,0.0,0.0,11.0
121,FwIgmXcZ,13182442,DIONQBSQ,3,3,2,66.6952742293,1,1,2,0.0,0.0,16.0
122,FwIgmXcZ,13182442,DIONQBSQ,4,1,0,0.0,3,6,18,0.0,0.0,8.0
123,FwIgmXcZ,13182442,DIONQBSQ,5,4,2,36.37139332231,12,14,14,0.0,0.0,6.0
124,FwIgmXcZ,13182442,DIONQBSQ,6,1,0,0.0,1,12,20,0.0,0.0,10.0
125,FwIgmXcZ,13182442,DIONQBSQ,7,1,0,0.0,15,16,18,0.0,0.0,10.0
126,FwIgmXcZ,15777595,KTPMFBIJ,1,3,1,24.786718588349,5,14,18,0.0,0.0,8.0
127,FwIgmXcZ,15777595,KTPMFBIJ,2,2,0,0.0,12,17,19,1.0,1.0,10.0
128,FwIgmXcZ,15777595,KTPMFBIJ,3,3,2,14.618845215174,1,1,2,0.0,0.0,13.0
129,FwIgmXcZ,15777595,KTPMFBIJ,4,1,0,0.0,1,16,18,1.0,1.0,7.0
130,FwIgmXcZ,15777595,KTPMFBIJ,5,4,3,16.71129447511,1,2,14,0.0,0.0,10.0
131,FwIgmXcZ,15777595,KTPMFBIJ,6,1,0,0.0,1,1,20,0.0,0.0,8.0
132,FwIgmXcZ,15777595,KTPMFBIJ,7,1,0,0.0,2,16,18,0.0,0.0,6.0
133,FwIgmXcZ,15997330,VAWJOZXX,1,3,1,93.1219412634,11,12,18,1.0,1.0,12.0
134,FwIgmXcZ,15997330,VAWJOZXX,2,2,1,21.21439817878,9,19,19,0.0,0.0,9.0
135,FwIgmXcZ,15997330,VAWJOZXX,3,3,2,99.363934726831,1,1,2,0.0,0.0,11.0
136,FwIgmXcZ,15997330,VAWJOZXX,4,1,0,0.0,1,1,18,0.0,0.0,8.0
137,FwIgmXcZ,15997330,VAWJOZXX,5,4,1,8.63994582817,2,6,14,0.0,0.0,12.0
138,FwIgmXcZ,15997330,VAWJOZXX,6,1,0,0.0,1,9,20,0.0,0.0,6.0
139,FwIgmXcZ,15997330,VAWJOZXX,7,1,0,0.0,1,2,18,0.0,0.0,11.0
140,FwIgmXcZ,16123457,UVGIEMFY,1,3,1,47.2774795913,1,9,18,0.0,0.0,13.0
141,FwIgmXcZ,16123457,UVGIEMFY,2,2,2,42.776312295992,1,13,19,0.0,0.0,7.0
142,FwIgmXcZ,16123457,UVGIEMFY,3,3,0,0.0,1,2,2,0.0,0.0,14.0
143,FwIgmXcZ,16123457,UVGIEMFY,4,1,0,0.0,1,2,18,0.0,0.0,9.0
144,FwIgmXcZ,16123457,UVGIEMFY,5,4,3,11.12342784941352,5,13,14,0.0,0.0,6.0
145,FwIgmXcZ,16123457,UVGIEMFY,6,1,1,84.277729772166,1,12,20,0.0,0.0,3.0
146,FwIgmXcZ,16123457,UVGIEMFY,7,1,0,0.0,5,11,18,2.0,2.0,8.0
147,FwIgmXcZ,16496256,DFMSRFEV,1,3,0,0.0,1,1,18,0.0,0.0,14.0
148,FwIgmXcZ,16496256,DFMSRFEV,2,2,1,68.89491412191875,3,11,19,0.0,0.0,12.0
149,FwIgmXcZ,16496256,DFMSRFEV,3,3,3,46.584688463682,1,1,2,1.0,1.0,16.0
150,FwIgmXcZ,16496256,DFMSRFEV,4,1,0,0.0,9,13,18,0.0,0.0,8.0
151,FwIgmXcZ,16496256,DFMSRFEV,5,4,3,69.977723129822,3,4,14,0.0,0.0,8.0
152,FwIgmXcZ,16496256,DFMSRFEV,6,1,1,111.3162333,9,1,20,0.0,0.0,6.0
153,FwIgmXcZ,16496256,DFMSRFEV,7,1,1,59.2199785963,9,11,18,0.0,0.0,8.0
154,FwIgmXcZ,17559799,AWXNOYBW,1,3,1,43.31133169298,1,2,18,0.0,0.0,12.0
155,FwIgmXcZ,17559799,AWXNOYBW,2,2,2,8.1575566516589,1,2,19,0.0,0.0,4.0
156,FwIgmXcZ,17559799,AWXNOYBW,3,3,3,75.18259217863509,1,1,2,0.0,0.0,14.0
157,FwIgmXcZ,17559799,AWXNOYBW,4,1,0,0.0,3,6,18,0.0,0.0,8.0
158,FwIgmXcZ,17559799,AWXNOYBW,5,4,4,16.6981662313,14,14,14,0.0,0.0,13.0
159,FwIgmXcZ,17559799,AWXNOYBW,6,1,1,95.859173627,2,2,20,0.0,0.0,5.0
160,FwIgmXcZ,17559799,AWXNOYBW,7,1,0,0.0,9,18,18,1.0,1.0,11.0
161,FwIgmXcZ,18093508,UVYJTOAA,1,3,0,0.0,1,2,18,1.0,1.0,10.0
162,FwIgmXcZ,18093508,UVYJTOAA,2,2,2,83.41828513245923,2,4,19,1.0,1.0,10.0
163,FwIgmXcZ,18093508,UVYJTOAA,3,3,3,123.7364574462,1,1,2,0.0,0.0,13.0
164,FwIgmXcZ,18093508,UVYJTOAA,4,1,1,116.55237418938,1,12,18,0.0,0.0,10.0
165,FwIgmXcZ,18093508,UVYJTOAA,5,4,1,57.381738359312,4,9,14,0.0,0.0,8.0
166,FwIgmXcZ,18093508,UVYJTOAA,6,1,0,0.0,1,1,20,0.0,0.0,11.0
167,FwIgmXcZ,18093508,UVYJTOAA,7,1,0,0.0,17,17,18,0.0,0.0,12.0
168,FwIgmXcZ,18913719,TTOBVMWQ,1,3,2,115.88376783824525,6,8,18,1.0,1.0,10.0
169,FwIgmXcZ,18913719,TTOBVMWQ,2,2,0,0.0,6,16,19,0.0,0.0,9.0
170,FwIgmXcZ,18913719,TTOBVMWQ,3,3,3,83.69725159452202,2,2,2,0.0,0.0,14.0
171,FwIgmXcZ,18913719,TTOBVMWQ,4,1,0,0.0,6,9,18,0.0,0.0,6.0
172,FwIgmXcZ,18913719,TTOBVMWQ,5,4,0,0.0,4,9,14,1.0,1.0,6.0
173,FwIgmXcZ,18913719,TTOBVMWQ,6,1,1,53.28781113684,7,11,20,0.0,0.0,8.0
174,FwIgmXcZ,18913719,TTOBVMWQ,7,1,0,0.0,3,13,18,0.0,0.0,8.0
175,FwIgmXcZ,21540826,MLDFPLEM,1,3,1,25.111629981668045,1,8,18,0.0,0.0,7.0
176,FwIgmXcZ,21540826,MLDFPLEM,2,2,2,24.5498312354,4,1,19,0.0,0.0,10.0
177,FwIgmXcZ,21540826,MLDFPLEM,3,3,3,1.83811939677,1,2,2,0.0,0.0,16.0
178,FwIgmXcZ,21540826,MLDFPLEM,4,1,1,3.575722677892,1,1,18,0.0,0.0,10.0
179,FwIgmXcZ,21540826,MLDFPLEM,5,4,3,62.443844976495,1,1,14,0.0,0.0,11.0
180,FwIgmXcZ,21540826,MLDFPLEM,6,1,1,19.85131168316,1,5,20,0.0,0.0,3.0
181,FwIgmXcZ,21540826,MLDFPLEM,7,1,1,54.29861473917,12,12,18,0.0,0.0,4.0
182,FwIgmXcZ,22615942,RVQUWRME,1,3,1,18.143575268232,2,1,18,0.0,0.0,10.0
183,FwIgmXcZ,22615942,RVQUWRME,2,2,1,1.31891322852,1,4,19,0.0,0.0,3.0
184,FwIgmXcZ,22615942,RVQUWRME,3,3,3,69.398528114355,1,1,2,1.0,1.0,16.0
185,FwIgmXcZ,22615942,RVQUWRME,4,1,1,19.271539529634,2,4,18,0.0,0.0,10.0
186,FwIgmXcZ,22615942,RVQUWRME,5,4,3,5.2338256762,7,7,14,0.0,0.0,14.0
187,FwIgmXcZ,22615942,RVQUWRME,6,1,0,0.0,1,1,20,0.0,0.0,7.0
188,FwIgmXcZ,22615942,RVQUWRME,7,1,0,0.0,8,14,18,0.0,0.0,5.0
189,FwIgmXcZ,24058357,GDSFVYWM,1,3,0,0.0,1,2,18,1.0,1.0,12.0
190,FwIgmXcZ,24058357,GDSFVYWM,2,2,1,13.49783143297,14,15,19,0.0,0.0,3.0
191,FwIgmXcZ,24058357,GDSFVYWM,3,3,0,0.0,1,1,2,0.0,0.0,8.0
192,FwIgmXcZ,24058357,GDSFVYWM,4,1,1,6.444632226861,7,7,18,0.0,0.0,9.0
193,FwIgmXcZ,24058357,GDSFVYWM,5,4,4,73.361926898622,2,6,14,0.0,0.0,12.0
194,FwIgmXcZ,24058357,GDSFVYWM,6,1,1,15.183113842595,1,1,20,0.0,0.0,8.0
195,FwIgmXcZ,24058357,GDSFVYWM,7,1,1,99.89148523738,1,6,18,0.0,0.0,12.0
196,FwIgmXcZ,24332670,DKXQQYBH,1,3,1,91.25725514652196,17,18,18,0.0,0.0,12.0
197,FwIgmXcZ,24332670,DKXQQYBH,2,2,2,13.44142444129,1,1,19,0.0,0.0,17.0
198,FwIgmXcZ,24332670,DKXQQYBH,3,3,0,0.0,1,1,2,0.0,0.0,14.0
199,FwIgmXcZ,24332670,DKXQQYBH,4,1,1,17.49356889,3,7,18,0.0,0.0,7.0
200,FwIgmXcZ,24332670,DKXQQYBH,5,4,3,119.689152489,2,2,14,0.0,0.0,7.0
201,FwIgmXcZ,24332670,DKXQQYBH,6,1,0,0.0,9,12,20,1.0,1.0,6.0
202,FwIgmXcZ,24332670,DKXQQYBH,7,1,0,0.0,13,13,18,0.0,0.0,8.0
203,FwIgmXcZ,25705729,TVHGOPDZ,1,3,1,115.631855143,3,12,18,0.0,0.0,11.0
204,FwIgmXcZ,25705729,TVHGOPDZ,2,2,1,79.8917446799,12,17,19,0.0,0.0,7.0
205,FwIgmXcZ,25705729,TVHGOPDZ,3,3,3,19.113879399432,2,2,2,0.0,0.0,12.0
206,FwIgmXcZ,25705729,TVHGOPDZ,4,1,1,122.99613748419,5,6,18,1.0,1.0,6.0
207,FwIgmXcZ,25705729,TVHGOPDZ,5,4,1,115.34686138829,1,9,14,0.0,0.0,4.0
208,FwIgmXcZ,25705729,TVHGOPDZ,6,1,0,0.0,7,8,20,0.0,0.0,3.0
209,FwIgmXcZ,25705729,TVHGOPDZ,7,1,0,0.0,1,3,18,0.0,0.0,10.0
210,FwIgmXcZ,26740700,OLYLKSWB,1,3,0,0.0,8,13,18,0.0,0.0,13.0
211,FwIgmXcZ,26740700,OLYLKSWB,2,2,0,0.0,14,14,19,0.0,0.0,10.0
212,FwIgmXcZ,26740700,OLYLKSWB,3,3,3,18.88884633812,1,2,2,0.0,0.0,8.0
213,FwIgmXcZ,26740700,OLYLKSWB,4,1,0,0.0,1,8,18,0.0,0.0,9.0
214,FwIgmXcZ,26740700,OLYLKSWB,5,4,3,78.9756937462,1,6,14,0.0,0.0,7.0
215,FwIgmXcZ,26740700,OLYLKSWB,6,1,1,11.914533473,4,12,20,1.0,1.0,4.0
216,FwIgmXcZ,26740700,OLYLKSWB,7,1,1,112.46979722949,1,1,18,0.0,0.0,13.0
217,FwIgmXcZ,28770748,AKOAENLX,1,3,3,44.9352677857912,1,14,18,0.0,0.0,13.0
218,FwIgmXcZ,28770748,AKOAENLX,2,2,1,72.147492766774,4,9,19,0.0,0.0,9.0
219,FwIgmXcZ,28770748,AKOAENLX,3,3,0,0.0,1,1,2,0.0,0.0,5.0
220,FwIgmXcZ,28770748,AKOAENLX,4,1,1,23.994728384461798,3,3,18,0.0,0.0,11.0
221,FwIgmXcZ,28770748,AKOAENLX,5,4,0,0.0,13,14,14,0.0,0.0,6.0
222,FwIgmXcZ,28770748,AKOAENLX,6,1,0,0.0,5,13,20,0.0,0.0,10.0
223,FwIgmXcZ,28770748,AKOAENLX,7,1,1,92.68411768869,16,18,18,1.0,1.0,11.0
224,FwIgmXcZ,29341348,KCSQNHXO,1,3,1,15.9248412964,7,11,18,0.0,0.0,10.0
225,FwIgmXcZ,29341348,KCSQNHXO,2,2,2,42.56922391475,8,16,19,0.0,0.0,10.0
226,FwIgmXcZ,29341348,KCSQNHXO,3,3,1,92.69178844381355,2,2,2,0.0,0.0,7.0
227,FwIgmXcZ,29341348,KCSQNHXO,4,1,0,0.0,2,14,18,0.0,0.0,7.0
228,FwIgmXcZ,29341348,KCSQNHXO,5,4,2,8.2821924311549,4,12,14,1.0,1.0,9.0
229,FwIgmXcZ,29341348,KCSQNHXO,6,1,0,0.0,1,14,20,0.0,0.0,12.0
230,FwIgmXcZ,29341348,KCSQNHXO,7,1,0,0.0,4,18,18,1.0,1.0,13.0
231,FwIgmXcZ,30782646,OZJSDTIF,1,3,2,33.59259161688,12,18,18,0.0,0.0,10.0
232,FwIgmXcZ,30782646,OZJSDTIF,2,2,1,37.144149928133,1,3,19,0.0,0.0,12.0
233,FwIgmXcZ,30782646,OZJSDTIF,3,3,2,117.93835854743,1,1,2,1.0,1.0,13.0
234,FwIgmXcZ,30782646,OZJSDTIF,4,1,0,0.0,1,1,18,0.0,0.0,12.0
235,FwIgmXcZ,30782646,OZJSDTIF,5,4,4,38.8541579891,8,1,14,0.0,0.0,14.0
236,FwIgmXcZ,30782646,OZJSDTIF,6,1,0,0.0,1,1,20,0.0,0.0,12.0
237,FwIgmXcZ,30782646,OZJSDTIF,7,1,0,0.0,3,6,18,0.0,0.0,8.0
238,FwIgmXcZ,31748074,NKLHKOME,1,3,1,15.68822247517,3,7,18,0.0,0.0,10.0
239,FwIgmXcZ,31748074,NKLHKOME,2,2,2,41.553936299611,13,17,19,0.0,0.0,12.0
240,FwIgmXcZ,31748074,NKLHKOME,3,3,2,82.831623977818,1,1,2,3.0,3.0,15.0
241,FwIgmXcZ,31748074,NKLHKOME,4,1,0,0.0,1,1,18,0.0,0.0,8.0
242,FwIgmXcZ,31748074,NKLHKOME,5,4,1,2.64519724459,1,5,14,0.0,0.0,6.0
243,FwIgmXcZ,31748074,NKLHKOME,6,1,1,112.57685294698,1,1,20,0.0,0.0,7.0
244,FwIgmXcZ,31748074,NKLHKOME,7,1,1,16.236143787382836,1,3,18,1.0,1.0,9.0
245,FwIgmXcZ,31865877,FRLTNYGW,1,3,2,125.755715123,5,6,18,0.0,0.0,11.0
246,FwIgmXcZ,31865877,FRLTNYGW,2,2,2,32.93748271114492,9,12,19,0.0,0.0,6.0
247,FwIgmXcZ,31865877,FRLTNYGW,3,3,1,46.35825572147273,1,1,2,1.0,1.0,15.0
248,FwIgmXcZ,31865877,FRLTNYGW,4,1,1,69.9385132525,1,5,18,0.0,0.0,8.0
249,FwIgmXcZ,31865877,FRLTNYGW,5,4,0,0.0,12,13,14,0.0,0.0,9.0
250,FwIgmXcZ,31865877,FRLTNYGW,6,1,0,0.0,4,5,20,0.0,0.0,6.0
251,FwIgmXcZ,31865877,FRLTNYGW,7,1,0,0.0,3,6,18,1.0,1.0,9.0
252,FwIgmXcZ,31880555,HIDDVZMA,1,3,3,31.94793558441,1,5,18,0.0,0.0,15.0
253,FwIgmXcZ,31880555,HIDDVZMA,2,2,0,0.0,1,9,19,0.0,0.0,8.0
254,FwIgmXcZ,31880555,HIDDVZMA,3,3,1,67.25192585342,1,1,2,0.0,0.0,15.0
255,FwIgmXcZ,31880555,HIDDVZMA,4,1,1,42.587187763795,4,6,18,0.0,0.0,11.0
256,FwIgmXcZ,31880555,HIDDVZMA,5,4,3,18.76956955188,3,6,14,0.0,0.0,6.0
257,FwIgmXcZ,31880555,HIDDVZMA,6,1,1,65.62267943894,8,2,20,0.0,0.0,6.0
258,FwIgmXcZ,31880555,HIDDVZMA,7,1,0,0.0,1,15,18,0.0,0.0,11.0
259,FwIgmXcZ,32357211,CUMXYZMX,1,3,1,22.199249293716,1,6,18,0.0,0.0,17.0
260,FwIgmXcZ,32357211,CUMXYZMX,2,2,1,58.346984172322,5,12,19,0.0,0.0,8.0
261,FwIgmXcZ,32357211,CUMXYZMX,3,3,0,0.0,2,2,2,0.0,0.0,17.0
262,FwIgmXcZ,32357211,CUMXYZMX,4,1,1,119.363775246,1,15,18,0.0,0.0,18.0
263,FwIgmXcZ,32357211,CUMXYZMX,5,4,0,0.0,6,12,14,0.0,0.0,11.0
264,FwIgmXcZ,32357211,CUMXYZMX,6,1,0,0.0,2,4,20,1.0,1.0,7.0
265,FwIgmXcZ,32357211,CUMXYZMX,7,1,0,0.0,2,1,18,0.0,0.0,8.0
266,FwIgmXcZ,32403122,ADXALMIG,1,3,2,11.996867236384,13,16,18,0.0,0.0,16.0
267,FwIgmXcZ,32403122,ADXALMIG,2,2,2,82.15976961624716,4,7,19,0.0,0.0,3.0
268,FwIgmXcZ,32403122,ADXALMIG,3,3,3,56.44173863757542,1,1,2,0.0,0.0,16.0
269,FwIgmXcZ,32403122,ADXALMIG,4,1,1,63.656569969344,2,13,18,2.0,2.0,7.0
270,FwIgmXcZ,32403122,ADXALMIG,5,4,3,66.44152157444,1,1,14,0.0,0.0,6.0
271,FwIgmXcZ,32403122,ADXALMIG,6,1,1,27.59123662887156,1,16,20,0.0,0.0,5.0
272,FwIgmXcZ,32403122,ADXALMIG,7,1,1,61.131295968799,1,1,18,0.0,0.0,8.0
273,FwIgmXcZ,32885379,MRKZTNQR,1,3,1,39.57927724261,17,18,18,0.0,0.0,10.0
274,FwIgmXcZ,32885379,MRKZTNQR,2,2,2,111.62737252633006,2,7,19,0.0,0.0,12.0
275,FwIgmXcZ,32885379,MRKZTNQR,3,3,1,98.95386147817,1,1,2,0.0,0.0,14.0
276,FwIgmXcZ,32885379,MRKZTNQR,4,1,1,28.289958442617266,1,2,18,0.0,0.0,6.0
277,FwIgmXcZ,32885379,MRKZTNQR,5,4,4,63.336169272883595,3,14,14,0.0,0.0,9.0
278,FwIgmXcZ,32885379,MRKZTNQR,6,1,1,8.8587359848384,1,2,20,1.0,1.0,8.0
279,FwIgmXcZ,32885379,MRKZTNQR,7,1,0,0.0,12,15,18,0.0,0.0,8.0
280,FwIgmXcZ,33001731,JRTMEXZY,1,3,3,37.411968188269185,1,1,18,0.0,0.0,11.0
281,FwIgmXcZ,33001731,JRTMEXZY,2,2,0,0.0,1,1,19,1.0,1.0,8.0
282,FwIgmXcZ,33001731,JRTMEXZY,3,3,3,35.745179294998,1,1,2,0.0,0.0,13.0
283,FwIgmXcZ,33001731,JRTMEXZY,4,1,1,14.61745454393,3,3,18,0.0,0.0,9.0
284,FwIgmXcZ,33001731,JRTMEXZY,5,4,2,41.8259286332,1,11,14,0.0,0.0,9.0
285,FwIgmXcZ,33001731,JRTMEXZY,6,1,1,84.7391878313,1,19,20,1.0,1.0,6.0
286,FwIgmXcZ,33001731,JRTMEXZY,7,1,1,84.62167364541,9,9,18,0.0,0.0,10.0
287,FwIgmXcZ,33150236,IPRNZPEZ,1,3,0,0.0,2,18,18,1.0,1.0,9.0
288,FwIgmXcZ,33150236,IPRNZPEZ,2,2,0,0.0,4,13,19,0.0,0.0,7.0
289,FwIgmXcZ,33150236,IPRNZPEZ,3,3,0,0.0,1,1,2,0.0,0.0,19.0
290,FwIgmXcZ,33150236,IPRNZPEZ,4,1,0,0.0,1,1,18,0.0,0.0,15.0
291,FwIgmXcZ,33150236,IPRNZPEZ,5,4,4,21.864262976652824,1,8,14,1.0,1.0,7.0
292,FwIgmXcZ,33150236,IPRNZPEZ,6,1,0,0.0,1,5,20,0.0,0.0,5.0
293,FwIgmXcZ,33150236,IPRNZPEZ,7,1,0,0.0,3,5,18,1.0,1.0,10.0
294,FwIgmXcZ,35261487,RKFDRDYZ,1,3,1,92.6355555885,3,1,18,0.0,0.0,15.0
295,FwIgmXcZ,35261487,RKFDRDYZ,2,2,1,39.787652334883,5,19,19,0.0,0.0,5.0
296,FwIgmXcZ,35261487,RKFDRDYZ,3,3,0,0.0,1,1,2,1.0,1.0,15.0
297,FwIgmXcZ,35261487,RKFDRDYZ,4,1,1,62.6898888,1,1,18,1.0,1.0,8.0
298,FwIgmXcZ,35261487,RKFDRDYZ,5,4,2,119.5443239631,1,2,14,0.0,0.0,6.0
299,FwIgmXcZ,35261487,RKFDRDYZ,6,1,1,13.6951119372,9,16,20,2.0,2.0,7.0
300,FwIgmXcZ,35261487,RKFDRDYZ,7,1,0,0.0,1,11,18,0.0,0.0,10.0
301,FwIgmXcZ,35513264,PUOEEIUM,1,3,0,0.0,4,9,18,0.0,0.0,12.0
302,FwIgmXcZ,35513264,PUOEEIUM,2,2,2,113.85529231726474,2,9,19,0.0,0.0,9.0
303,FwIgmXcZ,35513264,PUOEEIUM,3,3,3,93.423452624329,1,2,2,0.0,0.0,5.0
304,FwIgmXcZ,35513264,PUOEEIUM,4,1,0,0.0,1,7,18,0.0,0.0,7.0
305,FwIgmXcZ,35513264,PUOEEIUM,5,4,0,0.0,8,13,14,0.0,0.0,11.0
306,FwIgmXcZ,35513264,PUOEEIUM,6,1,0,0.0,14,18,20,0.0,0.0,5.0
307,FwIgmXcZ,35513264,PUOEEIUM,7,1,0,0.0,7,14,18,0.0,0.0,7.0
308,FwIgmXcZ,35640754,MRCBRLEV,1,3,0,0.0,1,12,18,1.0,1.0,9.0
309,FwIgmXcZ,35640754,MRCBRLEV,2,2,1,19.2696735682,3,5,19,0.0,0.0,14.0
310,FwIgmXcZ,35640754,MRCBRLEV,3,3,3,96.96171712466561,1,1,2,0.0,0.0,10.0
311,FwIgmXcZ,35640754,MRCBRLEV,4,1,0,0.0,12,15,18,0.0,0.0,7.0
312,FwIgmXcZ,35640754,MRCBRLEV,5,4,0,0.0,2,8,14,0.0,0.0,7.0
313,FwIgmXcZ,35640754,MRCBRLEV,6,1,0,0.0,1,13,20,1.0,1.0,8.0
314,FwIgmXcZ,35640754,MRCBRLEV,7,1,1,36.26594253645541,3,1,18,1.0,1.0,16.0
315,FwIgmXcZ,37911471,YTIHQKCW,1,3,0,0.0,3,17,18,0.0,0.0,5.0
316,FwIgmXcZ,37911471,YTIHQKCW,2,2,0,0.0,13,18,19,0.0,0.0,10.0
317,FwIgmXcZ,37911471,YTIHQKCW,3,3,2,113.154265733,1,2,2,1.0,1.0,12.0
318,FwIgmXcZ,37911471,YTIHQKCW,4,1,1,75.8815169472,5,15,18,0.0,0.0,4.0
319,FwIgmXcZ,37911471,YTIHQKCW,5,4,0,0.0,1,2,14,0.0,0.0,7.0
320,FwIgmXcZ,37911471,YTIHQKCW,6,1,1,92.24536381925775,1,1,20,0.0,0.0,10.0
321,FwIgmXcZ,37911471,YTIHQKCW,7,1,0,0.0,1,2,18,0.0,0.0,7.0
322,FwIgmXcZ,38870395,LIXAVTGN,1,3,0,0.0,1,2,18,0.0,0.0,10.0
323,FwIgmXcZ,38870395,LIXAVTGN,2,2,1,53.8678647631,5,6,19,1.0,1.0,9.0
324,FwIgmXcZ,38870395,LIXAVTGN,3,3,1,39.15738563571528,2,2,2,0.0,0.0,10.0
325,FwIgmXcZ,38870395,LIXAVTGN,4,1,0,0.0,1,2,18,0.0,0.0,9.0
326,FwIgmXcZ,38870395,LIXAVTGN,5,4,1,18.434625217,1,5,14,0.0,0.0,9.0
327,FwIgmXcZ,38870395,LIXAVTGN,6,1,0,0.0,1,2,20,0.0,0.0,5.0
328,FwIgmXcZ,38870395,LIXAVTGN,7,1,1,14.298258656126972,9,11,18,0.0,0.0,9.0
329,FwIgmXcZ,39415379,DBAAZOPZ,1,3,3,33.27297923824,4,7,18,1.0,1.0,7.0
330,FwIgmXcZ,39415379,DBAAZOPZ,2,2,1,46.497928177487,1,11,19,0.0,0.0,10.0
331,FwIgmXcZ,39415379,DBAAZOPZ,3,3,1,72.47933957618,1,1,2,0.0,0.0,11.0
332,FwIgmXcZ,39415379,DBAAZOPZ,4,1,0,0.0,9,11,18,1.0,1.0,15.0
333,FwIgmXcZ,39415379,DBAAZOPZ,5,4,0,0.0,1,9,14,0.0,0.0,12.0
334,FwIgmXcZ,39415379,DBAAZOPZ,6,1,0,0.0,4,18,20,0.0,0.0,3.0
335,FwIgmXcZ,39415379,DBAAZOPZ,7,1,1,68.7526138636349,13,18,18,0.0,0.0,5.0
336,FwIgmXcZ,39585796,WAJGHQMX,1,3,1,22.271485747413287,3,15,18,1.0,1.0,4.0
337,FwIgmXcZ,39585796,WAJGHQMX,2,2,1,84.492714299516,6,1,19,2.0,2.0,11.0
338,FwIgmXcZ,39585796,WAJGHQMX,3,3,3,99.541473571375,1,1,2,1.0,1.0,12.0
339,FwIgmXcZ,39585796,WAJGHQMX,4,1,1,44.129281778333,4,1,18,0.0,0.0,10.0
340,FwIgmXcZ,39585796,WAJGHQMX,5,4,2,67.66839664919,1,1,14,0.0,0.0,12.0
341,FwIgmXcZ,39585796,WAJGHQMX,6,1,1,79.693239235876,1,8,20,0.0,0.0,9.0
342,FwIgmXcZ,39585796,WAJGHQMX,7,1,0,0.0,8,17,18,0.0,0.0,9.0
343,FwIgmXcZ,39793488,TNGVIAMK,1,3,0,0.0,3,16,18,1.0,1.0,14.0
344,FwIgmXcZ,39793488,TNGVIAMK,2,2,2,84.98966458614291,1,9,19,0.0,0.0,13.0
345,FwIgmXcZ,39793488,TNGVIAMK,3,3,3,25.261253761497564,1,2,2,0.0,0.0,11.0
346,FwIgmXcZ,39793488,TNGVIAMK,4,1,0,0.0,5,15,18,1.0,1.0,9.0
347,FwIgmXcZ,39793488,TNGVIAMK,5,4,1,65.684638827658,6,12,14,1.0,1.0,8.0
348,FwIgmXcZ,39793488,TNGVIAMK,6,1,1,123.5557979653,1,1,20,0.0,0.0,6.0
349,FwIgmXcZ,39793488,TNGVIAMK,7,1,1,6.791156656285,9,13,18,0.0,0.0,10.0
350,FwIgmXcZ,40284459,DMWXSJXO,1,3,3,37.3853334992,1,1,18,0.0,0.0,13.0
351,FwIgmXcZ,40284459,DMWXSJXO,2,2,2,13.1328221291,8,16,19,0.0,0.0,8.0
352,FwIgmXcZ,40284459,DMWXSJXO,3,3,2,118.16814696114,1,2,2,0.0,0.0,17.0
353,FwIgmXcZ,40284459,DMWXSJXO,4,1,1,19.5669984492,6,15,18,0.0,0.0,10.0
354,FwIgmXcZ,40284459,DMWXSJXO,5,4,2,48.236352797282,1,11,14,0.0,0.0,8.0
355,FwIgmXcZ,40284459,DMWXSJXO,6,1,0,0.0,16,17,20,1.0,1.0,7.0
356,FwIgmXcZ,40284459,DMWXSJXO,7,1,1,13.14748843369,4,13,18,1.0,1.0,8.0
357,FwIgmXcZ,40793143,JVZJGEXX,1,3,2,17.71185427661,2,7,18,1.0,1.0,13.0
358,FwIgmXcZ,40793143,JVZJGEXX,2,2,0,0.0,1,1,19,1.0,1.0,7.0
359,FwIgmXcZ,40793143,JVZJGEXX,3,3,1,118.9999326956,1,2,2,0.0,0.0,8.0
360,FwIgmXcZ,40793143,JVZJGEXX,4,1,0,0.0,7,8,18,0.0,0.0,5.0
361,FwIgmXcZ,40793143,JVZJGEXX,5,4,0,0.0,3,5,14,0.0,0.0,6.0
362,FwIgmXcZ,40793143,JVZJGEXX,6,1,0,0.0,3,4,20,0.0,0.0,4.0
363,FwIgmXcZ,40793143,JVZJGEXX,7,1,1,116.62188741484,11,13,18,0.0,0.0,10.0
364,FwIgmXcZ,40812089,PPEPZAQA,1,3,0,0.0,1,11,18,0.0,0.0,11.0
365,FwIgmXcZ,40812089,PPEPZAQA,2,2,1,62.73881689895,7,11,19,0.0,0.0,10.0
366,FwIgmXcZ,40812089,PPEPZAQA,3,3,0,0.0,2,2,2,0.0,0.0,15.0
367,FwIgmXcZ,40812089,PPEPZAQA,4,1,0,0.0,1,9,18,0.0,0.0,10.0
368,FwIgmXcZ,40812089,PPEPZAQA,5,4,3,18.47149899633,2,3,14,0.0,0.0,11.0
369,FwIgmXcZ,40812089,PPEPZAQA,6,1,1,11.57868433972,11,15,20,0.0,0.0,5.0
370,FwIgmXcZ,40812089,PPEPZAQA,7,1,0,0.0,1,3,18,0.0,0.0,11.0
371,FwIgmXcZ,41070205,PLBXBGIF,1,3,3,12.73134271378,6,8,18,0.0,0.0,7.0
372,FwIgmXcZ,41070205,PLBXBGIF,2,2,0,0.0,4,4,19,0.0,0.0,8.0
373,FwIgmXcZ,41070205,PLBXBGIF,3,3,2,12.392426144338,1,1,2,1.0,1.0,13.0
374,FwIgmXcZ,41070205,PLBXBGIF,4,1,1,74.9577562689,1,17,18,1.0,1.0,9.0
375,FwIgmXcZ,41070205,PLBXBGIF,5,4,3,56.62387569518,1,3,14,0.0,0.0,9.0
376,FwIgmXcZ,41070205,PLBXBGIF,6,1,1,96.94115613248,12,15,20,1.0,1.0,8.0
377,FwIgmXcZ,41070205,PLBXBGIF,7,1,0,0.0,3,3,18,1.0,1.0,14.0
378,FwIgmXcZ,41301718,TRUJNSPW,1,3,1,58.345816942461,5,15,18,1.0,1.0,11.0
379,FwIgmXcZ,41301718,TRUJNSPW,2,2,0,0.0,8,18,19,2.0,2.0,7.0
380,FwIgmXcZ,41301718,TRUJNSPW,3,3,0,0.0,1,1,2,0.0,0.0,12.0
381,FwIgmXcZ,41301718,TRUJNSPW,4,1,1,2.345282759527,7,8,18,1.0,1.0,14.0
382,FwIgmXcZ,41301718,TRUJNSPW,5,4,3,34.59964754156,2,5,14,0.0,0.0,8.0
383,FwIgmXcZ,41301718,TRUJNSPW,6,1,0,0.0,17,2,20,0.0,0.0,10.0
384,FwIgmXcZ,41301718,TRUJNSPW,7,1,1,47.245359537583,1,5,18,0.0,0.0,8.0
385,FwIgmXcZ,41652470,RELAQDZS,1,3,3,49.925976855778,2,13,18,1.0,1.0,14.0
386,FwIgmXcZ,41652470,RELAQDZS,2,2,1,35.667881877867,2,1,19,0.0,0.0,8.0
387,FwIgmXcZ,41652470,RELAQDZS,3,3,1,77.841759695767,1,1,2,2.0,2.0,12.0
388,FwIgmXcZ,41652470,RELAQDZS,4,1,0,0.0,1,7,18,1.0,1.0,10.0
389,FwIgmXcZ,41652470,RELAQDZS,5,4,3,43.176581894833,14,14,14,0.0,0.0,7.0
390,FwIgmXcZ,41652470,RELAQDZS,6,1,0,0.0,1,6,20,0.0,0.0,6.0
391,FwIgmXcZ,41652470,RELAQDZS,7,1,0,0.0,1,13,18,1.0,1.0,11.0
392,FwIgmXcZ,42216609,PWJBIHYN,1,3,2,64.57684243447,1,15,18,0.0,0.0,13.0
393,FwIgmXcZ,42216609,PWJBIHYN,2,2,2,52.9681882799527,1,7,19,0.0,0.0,7.0
394,FwIgmXcZ,42216609,PWJBIHYN,3,3,1,124.7352395874168,1,1,2,0.0,0.0,10.0
395,FwIgmXcZ,42216609,PWJBIHYN,4,1,1,33.3545857272,2,16,18,0.0,0.0,8.0
396,FwIgmXcZ,42216609,PWJBIHYN,5,4,2,117.18259826128,1,4,14,0.0,0.0,4.0
397,FwIgmXcZ,42216609,PWJBIHYN,6,1,0,0.0,7,1,20,0.0,0.0,9.0
398,FwIgmXcZ,42216609,PWJBIHYN,7,1,1,52.889122643351,7,15,18,0.0,0.0,13.0
399,FwIgmXcZ,43236032,GQDETVQF,1,3,1,41.871446985515,9,11,18,2.0,2.0,19.0
400,FwIgmXcZ,43236032,GQDETVQF,2,2,2,124.98295258687,2,14,19,1.0,1.0,6.0
401,FwIgmXcZ,43236032,GQDETVQF,3,3,1,16.384696379,1,1,2,0.0,0.0,15.0
402,FwIgmXcZ,43236032,GQDETVQF,4,1,1,69.1847237397474,12,17,18,0.0,0.0,9.0
403,FwIgmXcZ,43236032,GQDETVQF,5,4,3,113.59724262696977,1,1,14,0.0,0.0,8.0
404,FwIgmXcZ,43236032,GQDETVQF,6,1,1,45.42551727195,11,18,20,1.0,1.0,10.0
405,FwIgmXcZ,43236032,GQDETVQF,7,1,0,0.0,14,17,18,1.0,1.0,8.0
406,FwIgmXcZ,43975792,HGQCRELQ,1,3,1,37.62272724954,2,9,18,1.0,1.0,12.0
407,FwIgmXcZ,43975792,HGQCRELQ,2,2,2,56.382778842949,7,17,19,0.0,0.0,9.0
408,FwIgmXcZ,43975792,HGQCRELQ,3,3,3,125.41485986,1,1,2,1.0,1.0,20.0
409,FwIgmXcZ,43975792,HGQCRELQ,4,1,1,13.985172254573,9,16,18,1.0,1.0,6.0
410,FwIgmXcZ,43975792,HGQCRELQ,5,4,3,39.2642672461,2,13,14,1.0,1.0,10.0
411,FwIgmXcZ,43975792,HGQCRELQ,6,1,1,36.679272785465,5,1,20,0.0,0.0,9.0
412,FwIgmXcZ,43975792,HGQCRELQ,7,1,0,0.0,2,7,18,1.0,1.0,14.0
413,FwIgmXcZ,44278117,IFGTFYZT,1,3,3,39.35234673158,3,5,18,1.0,1.0,15.0
414,FwIgmXcZ,44278117,IFGTFYZT,2,2,0,0.0,7,13,19,1.0,1.0,7.0
415,FwIgmXcZ,44278117,IFGTFYZT,3,3,2,48.928473588514,2,2,2,0.0,0.0,19.0
416,FwIgmXcZ,44278117,IFGTFYZT,4,1,1,78.49887189559,1,1,18,2.0,2.0,7.0
417,FwIgmXcZ,44278117,IFGTFYZT,5,4,0,0.0,7,8,14,0.0,0.0,6.0
418,FwIgmXcZ,44278117,IFGTFYZT,6,1,0,0.0,5,11,20,0.0,0.0,3.0
419,FwIgmXcZ,44278117,IFGTFYZT,7,1,1,42.889342732586,13,15,18,1.0,1.0,11.0
420,FwIgmXcZ,44488386,QXBBNMYL,1,3,3,4.571799932285,4,6,18,0.0,0.0,12.0
421,FwIgmXcZ,44488386,QXBBNMYL,2,2,2,53.69142479292,9,1,19,0.0,0.0,7.0
422,FwIgmXcZ,44488386,QXBBNMYL,3,3,3,59.18437843432,1,1,2,0.0,0.0,18.0
423,FwIgmXcZ,44488386,QXBBNMYL,4,1,1,24.621348572445875,5,1,18,0.0,0.0,10.0
424,FwIgmXcZ,44488386,QXBBNMYL,5,4,0,0.0,1,1,14,0.0,0.0,2.0
425,FwIgmXcZ,44488386,QXBBNMYL,6,1,0,0.0,1,9,20,0.0,0.0,8.0
426,FwIgmXcZ,44488386,QXBBNMYL,7,1,0,0.0,1,6,18,0.0,0.0,5.0
427,FwIgmXcZ,45507998,HRBYUKMS,1,3,1,13.51847829944316,1,1,18,0.0,0.0,14.0
428,FwIgmXcZ,45507998,HRBYUKMS,2,2,2,67.53522513423,1,3,19,0.0,0.0,10.0
429,FwIgmXcZ,45507998,HRBYUKMS,3,3,3,74.46161176312316,1,1,2,1.0,1.0,10.0
430,FwIgmXcZ,45507998,HRBYUKMS,4,1,0,0.0,1,1,18,1.0,1.0,13.0
431,FwIgmXcZ,45507998,HRBYUKMS,5,4,1,84.684424866947,1,1,14,1.0,1.0,4.0
432,FwIgmXcZ,45507998,HRBYUKMS,6,1,1,21.86134691642125,4,4,20,1.0,1.0,10.0
433,FwIgmXcZ,45507998,HRBYUKMS,7,1,1,32.32277575637,4,14,18,0.0,0.0,10.0
434,FwIgmXcZ,46149031,GBHUAKYE,1,3,1,9.45398239525,1,2,18,0.0,0.0,10.0
435,FwIgmXcZ,46149031,GBHUAKYE,2,2,0,0.0,6,12,19,1.0,1.0,6.0
436,FwIgmXcZ,46149031,GBHUAKYE,3,3,0,0.0,2,2,2,0.0,0.0,15.0
437,FwIgmXcZ,46149031,GBHUAKYE,4,1,1,79.521846468284,6,8,18,0.0,0.0,9.0
438,FwIgmXcZ,46149031,GBHUAKYE,5,4,1,111.38587689799012,1,3,14,2.0,2.0,11.0
439,FwIgmXcZ,46149031,GBHUAKYE,6,1,0,0.0,6,1,20,4.0,4.0,9.0
440,FwIgmXcZ,46149031,GBHUAKYE,7,1,1,7.642771967156,2,11,18,1.0,1.0,9.0
441,FwIgmXcZ,46669749,IKRYIOSV,1,3,0,0.0,1,16,18,1.0,1.0,16.0
442,FwIgmXcZ,46669749,IKRYIOSV,2,2,2,46.99341243682,9,14,19,2.0,2.0,13.0
443,FwIgmXcZ,46669749,IKRYIOSV,3,3,2,63.452251287688,1,1,2,0.0,0.0,17.0
444,FwIgmXcZ,46669749,IKRYIOSV,4,1,0,0.0,1,1,18,0.0,0.0,8.0
445,FwIgmXcZ,46669749,IKRYIOSV,5,4,4,11.6689496954,5,13,14,1.0,1.0,6.0
446,FwIgmXcZ,46669749,IKRYIOSV,6,1,0,0.0,1,4,20,0.0,0.0,6.0
447,FwIgmXcZ,46669749,IKRYIOSV,7,1,0,0.0,7,11,18,1.0,1.0,7.0
448,FwIgmXcZ,47190670,MSXQONHW,1,3,2,95.29775491642,1,5,18,0.0,0.0,11.0
449,FwIgmXcZ,47190670,MSXQONHW,2,2,2,11.69377198763,14,19,19,1.0,1.0,11.0
450,FwIgmXcZ,47190670,MSXQONHW,3,3,2,68.992191325845,1,1,2,0.0,0.0,8.0
451,FwIgmXcZ,47190670,MSXQONHW,4,1,0,0.0,3,8,18,1.0,1.0,6.0
452,FwIgmXcZ,47190670,MSXQONHW,5,4,4,72.673892831375,11,13,14,0.0,0.0,6.0
453,FwIgmXcZ,47190670,MSXQONHW,6,1,1,69.4726944378,3,9,20,0.0,0.0,6.0
454,FwIgmXcZ,47190670,MSXQONHW,7,1,0,0.0,1,3,18,1.0,1.0,6.0
455,FwIgmXcZ,47352924,FIWXWOGQ,1,3,2,88.67657271854614,12,18,18,0.0,0.0,10.0
456,FwIgmXcZ,47352924,FIWXWOGQ,2,2,0,0.0,1,1,19,1.0,1.0,8.0
457,FwIgmXcZ,47352924,FIWXWOGQ,3,3,1,79.99912525539,1,1,2,1.0,1.0,13.0
458,FwIgmXcZ,47352924,FIWXWOGQ,4,1,1,2.763925883247,2,17,18,0.0,0.0,7.0
459,FwIgmXcZ,47352924,FIWXWOGQ,5,4,1,68.28482656591697,3,8,14,0.0,0.0,7.0
460,FwIgmXcZ,47352924,FIWXWOGQ,6,1,1,96.76854428877,1,15,20,2.0,2.0,8.0
461,FwIgmXcZ,47352924,FIWXWOGQ,7,1,1,12.5654534593,6,12,18,0.0,0.0,13.0
462,FwIgmXcZ,48026959,MHROFSRB,1,3,3,81.9918934647,1,1,18,1.0,1.0,5.0
463,FwIgmXcZ,48026959,MHROFSRB,2,2,2,95.915255135399,8,19,19,0.0,0.0,17.0
464,FwIgmXcZ,48026959,MHROFSRB,3,3,1,94.71861715923609,1,1,2,0.0,0.0,12.0
465,FwIgmXcZ,48026959,MHROFSRB,4,1,1,47.62736298787,1,1,18,1.0,1.0,10.0
466,FwIgmXcZ,48026959,MHROFSRB,5,4,3,69.75978314177597,1,11,14,0.0,0.0,11.0
467,FwIgmXcZ,48026959,MHROFSRB,6,1,1,61.295151575611,8,18,20,0.0,0.0,11.0
468,FwIgmXcZ,48026959,MHROFSRB,7,1,1,75.419854229646,1,6,18,0.0,0.0,11.0
469,FwIgmXcZ,48043119,FIKCCANA,1,3,1,34.336357788313,1,1,18,0.0,0.0,12.0
470,FwIgmXcZ,48043119,FIKCCANA,2,2,1,55.83592324728,1,4,19,1.0,1.0,10.0
471,FwIgmXcZ,48043119,FIKCCANA,3,3,3,86.931131243444,1,1,2,2.0,2.0,12.0
472,FwIgmXcZ,48043119,FIKCCANA,4,1,0,0.0,12,12,18,0.0,0.0,7.0
473,FwIgmXcZ,48043119,FIKCCANA,5,4,1,58.82583979229,5,6,14,1.0,1.0,10.0
474,FwIgmXcZ,48043119,FIKCCANA,6,1,0,0.0,2,12,20,1.0,1.0,10.0
475,FwIgmXcZ,48043119,FIKCCANA,7,1,0,0.0,1,6,18,0.0,0.0,13.0
476,FwIgmXcZ,51033757,LACAHFFN,1,3,3,64.3599136555,3,14,18,0.0,0.0,12.0
477,FwIgmXcZ,51033757,LACAHFFN,2,2,2,91.26465542591501,9,12,19,1.0,1.0,12.0
478,FwIgmXcZ,51033757,LACAHFFN,3,3,3,3.64796212573,1,1,2,0.0,0.0,7.0
479,FwIgmXcZ,51033757,LACAHFFN,4,1,1,57.17373467371,1,16,18,0.0,0.0,8.0
480,FwIgmXcZ,51033757,LACAHFFN,5,4,3,49.41846121253,1,1,14,0.0,0.0,5.0
481,FwIgmXcZ,51033757,LACAHFFN,6,1,0,0.0,11,2,20,0.0,0.0,6.0
482,FwIgmXcZ,51033757,LACAHFFN,7,1,1,66.75367223676,12,18,18,1.0,1.0,8.0
483,FwIgmXcZ,51639056,COOXSLXU,1,3,1,12.94279984557,1,1,18,2.0,2.0,13.0
484,FwIgmXcZ,51639056,COOXSLXU,2,2,2,17.773916532213,3,7,19,1.0,1.0,11.0
485,FwIgmXcZ,51639056,COOXSLXU,3,3,3,74.571229434861,1,1,2,2.0,2.0,15.0
486,FwIgmXcZ,51639056,COOXSLXU,4,1,1,89.493491115528,6,7,18,0.0,0.0,13.0
487,FwIgmXcZ,51639056,COOXSLXU,5,4,3,89.9623442519,2,4,14,0.0,0.0,10.0
488,FwIgmXcZ,51639056,COOXSLXU,6,1,0,0.0,1,1,20,2.0,2.0,9.0
489,FwIgmXcZ,51639056,COOXSLXU,7,1,1,94.25959737985401,2,11,18,0.0,0.0,9.0
490,FwIgmXcZ,53103945,VORZSGGN,1,3,1,58.661786673664,1,7,18,1.0,1.0,11.0
491,FwIgmXcZ,53103945,VORZSGGN,2,2,2,45.335311667351,1,4,19,3.0,3.0,10.0
492,FwIgmXcZ,53103945,VORZSGGN,3,3,0,0.0,1,1,2,0.0,0.0,15.0
493,FwIgmXcZ,53103945,VORZSGGN,4,1,0,0.0,1,11,18,1.0,1.0,9.0
494,FwIgmXcZ,53103945,VORZSGGN,5,4,1,118.4767163216,7,8,14,1.0,1.0,5.0
495,FwIgmXcZ,53103945,VORZSGGN,6,1,0,0.0,4,7,20,1.0,1.0,3.0
496,FwIgmXcZ,53103945,VORZSGGN,7,1,1,73.5825219147,1,3,18,0.0,0.0,6.0
497,FwIgmXcZ,54114542,UEPXXEFS,1,3,3,51.527742679435086,12,15,18,0.0,0.0,15.0
498,FwIgmXcZ,54114542,UEPXXEFS,2,2,2,14.87637277794,1,1,19,0.0,0.0,7.0
499,FwIgmXcZ,54114542,UEPXXEFS,3,3,3,23.35139849373,1,2,2,0.0,0.0,9.0
500,FwIgmXcZ,54114542,UEPXXEFS,4,1,0,0.0,2,7,18,1.0,1.0,7.0
501,FwIgmXcZ,54114542,UEPXXEFS,5,4,2,64.791237872776,4,13,14,0.0,0.0,9.0
502,FwIgmXcZ,54114542,UEPXXEFS,6,1,0,0.0,14,2,20,1.0,1.0,10.0
503,FwIgmXcZ,54114542,UEPXXEFS,7,1,0,0.0,4,5,18,0.0,0.0,10.0
504,FwIgmXcZ,54825929,OBQHYKUQ,1,3,2,77.872256597947,8,1,18,0.0,0.0,6.0
505,FwIgmXcZ,54825929,OBQHYKUQ,2,2,2,124.75594387416824,1,1,19,0.0,0.0,16.0
506,FwIgmXcZ,54825929,OBQHYKUQ,3,3,2,21.363917969769375,1,2,2,0.0,0.0,17.0
507,FwIgmXcZ,54825929,OBQHYKUQ,4,1,0,0.0,3,6,18,1.0,1.0,7.0
508,FwIgmXcZ,54825929,OBQHYKUQ,5,4,2,12.51672849172,7,7,14,0.0,0.0,6.0
509,FwIgmXcZ,54825929,OBQHYKUQ,6,1,1,78.159328822135,7,11,20,2.0,2.0,7.0
510,FwIgmXcZ,54825929,OBQHYKUQ,7,1,0,0.0,1,1,18,0.0,0.0,8.0
511,FwIgmXcZ,56606652,KQFZJWRO,1,3,2,12.16237326989,1,15,18,1.0,1.0,17.0
512,FwIgmXcZ,56606652,KQFZJWRO,2,2,2,124.68581264661643,6,9,19,2.0,2.0,11.0
513,FwIgmXcZ,56606652,KQFZJWRO,3,3,3,64.479466266167,1,1,2,3.0,3.0,11.0
514,FwIgmXcZ,56606652,KQFZJWRO,4,1,0,0.0,2,9,18,0.0,0.0,8.0
515,FwIgmXcZ,56606652,KQFZJWRO,5,4,0,0.0,2,4,14,0.0,0.0,6.0
516,FwIgmXcZ,56606652,KQFZJWRO,6,1,0,0.0,4,6,20,0.0,0.0,9.0
517,FwIgmXcZ,56606652,KQFZJWRO,7,1,0,0.0,7,7,18,1.0,1.0,8.0
518,FwIgmXcZ,57008757,NJQPYJBV,1,3,0,0.0,7,18,18,0.0,0.0,12.0
519,FwIgmXcZ,57008757,NJQPYJBV,2,2,0,0.0,1,1,19,0.0,0.0,8.0
520,FwIgmXcZ,57008757,NJQPYJBV,3,3,1,49.41221769646,2,2,2,0.0,0.0,12.0
521,FwIgmXcZ,57008757,NJQPYJBV,4,1,0,0.0,1,18,18,0.0,0.0,7.0
522,FwIgmXcZ,57008757,NJQPYJBV,5,4,2,56.36933698584857,1,1,14,0.0,0.0,6.0
523,FwIgmXcZ,57008757,NJQPYJBV,6,1,0,0.0,1,6,20,1.0,1.0,8.0
524,FwIgmXcZ,57008757,NJQPYJBV,7,1,0,0.0,1,12,18,0.0,0.0,8.0
525,FwIgmXcZ,57773428,JSXPXHKP,1,3,2,92.96952459921584,8,16,18,1.0,1.0,6.0
526,FwIgmXcZ,57773428,JSXPXHKP,2,2,1,117.67415299263368,1,14,19,0.0,0.0,13.0
527,FwIgmXcZ,57773428,JSXPXHKP,3,3,0,0.0,1,1,2,0.0,0.0,13.0
528,FwIgmXcZ,57773428,JSXPXHKP,4,1,0,0.0,1,4,18,0.0,0.0,6.0
529,FwIgmXcZ,57773428,JSXPXHKP,5,4,3,9.41214969946,1,1,14,0.0,0.0,9.0
530,FwIgmXcZ,57773428,JSXPXHKP,6,1,1,4.3487331775878,9,2,20,0.0,0.0,8.0
531,FwIgmXcZ,57773428,JSXPXHKP,7,1,0,0.0,1,1,18,3.0,3.0,10.0
532,FwIgmXcZ,58575444,JOYGQJSH,1,3,1,63.6899659144,1,3,18,0.0,0.0,7.0
533,FwIgmXcZ,58575444,JOYGQJSH,2,2,2,54.488894357434,1,1,19,3.0,3.0,12.0
534,FwIgmXcZ,58575444,JOYGQJSH,3,3,3,112.95322634431025,1,1,2,1.0,1.0,11.0
535,FwIgmXcZ,58575444,JOYGQJSH,4,1,0,0.0,3,8,18,1.0,1.0,4.0
536,FwIgmXcZ,58575444,JOYGQJSH,5,4,2,49.549785578842,1,1,14,0.0,0.0,11.0
537,FwIgmXcZ,58575444,JOYGQJSH,6,1,1,5.2915138672368,6,8,20,0.0,0.0,7.0
538,FwIgmXcZ,58575444,JOYGQJSH,7,1,0,0.0,2,2,18,1.0,1.0,7.0
539,FwIgmXcZ,59177872,WLWYNJWV,1,3,2,19.6839577252,1,11,18,1.0,1.0,13.0
540,FwIgmXcZ,59177872,WLWYNJWV,2,2,0,0.0,2,9,19,0.0,0.0,6.0
541,FwIgmXcZ,59177872,WLWYNJWV,3,3,1,42.54371952736681,2,2,2,2.0,2.0,10.0
542,FwIgmXcZ,59177872,WLWYNJWV,4,1,0,0.0,13,18,18,0.0,0.0,5.0
543,FwIgmXcZ,59177872,WLWYNJWV,5,4,2,47.21347839816138,5,11,14,3.0,3.0,11.0
544,FwIgmXcZ,59177872,WLWYNJWV,6,1,1,34.343478758967,6,8,20,0.0,0.0,5.0
545,FwIgmXcZ,59177872,WLWYNJWV,7,1,0,0.0,7,11,18,0.0,0.0,9.0
546,FwIgmXcZ,59524694,OSWOGCUL,1,3,1,125.83711838956167,1,1,18,2.0,2.0,16.0
547,FwIgmXcZ,59524694,OSWOGCUL,2,2,2,115.56288664494576,13,16,19,1.0,1.0,4.0
548,FwIgmXcZ,59524694,OSWOGCUL,3,3,0,0.0,2,2,2,1.0,1.0,8.0
549,FwIgmXcZ,59524694,OSWOGCUL,4,1,1,14.11985399658,1,18,18,0.0,0.0,9.0
550,FwIgmXcZ,59524694,OSWOGCUL,5,4,3,114.97466533299,1,4,14,0.0,0.0,10.0
551,FwIgmXcZ,59524694,OSWOGCUL,6,1,1,113.92918116241,7,2,20,1.0,1.0,5.0
552,FwIgmXcZ,59524694,OSWOGCUL,7,1,0,0.0,1,7,18,0.0,0.0,10.0
553,FwIgmXcZ,59845478,GAZHOQSY,1,3,2,116.93527886668,5,12,18,1.0,1.0,11.0
554,FwIgmXcZ,59845478,GAZHOQSY,2,2,2,99.83738186372875,3,13,19,0.0,0.0,11.0
555,FwIgmXcZ,59845478,GAZHOQSY,3,3,0,0.0,2,2,2,5.0,5.0,17.0
556,FwIgmXcZ,59845478,GAZHOQSY,4,1,1,88.38724737989,8,9,18,1.0,1.0,9.0
557,FwIgmXcZ,59845478,GAZHOQSY,5,4,2,29.5799163862,1,1,14,0.0,0.0,10.0
558,FwIgmXcZ,59845478,GAZHOQSY,6,1,1,25.117339963659,4,1,20,1.0,1.0,11.0
559,FwIgmXcZ,59845478,GAZHOQSY,7,1,0,0.0,2,4,18,0.0,0.0,6.0
560,FwIgmXcZ,60573657,RYETXVKX,1,3,0,0.0,2,15,18,2.0,2.0,10.0
561,FwIgmXcZ,60573657,RYETXVKX,2,2,2,11.51914532185,1,1,19,1.0,1.0,7.0
562,FwIgmXcZ,60573657,RYETXVKX,3,3,1,19.892162252776185,1,1,2,2.0,2.0,14.0
563,FwIgmXcZ,60573657,RYETXVKX,4,1,0,0.0,1,1,18,0.0,0.0,12.0
564,FwIgmXcZ,60573657,RYETXVKX,5,4,0,0.0,11,14,14,0.0,0.0,8.0
565,FwIgmXcZ,60573657,RYETXVKX,6,1,1,24.188266915619,1,1,20,1.0,1.0,5.0
566,FwIgmXcZ,60573657,RYETXVKX,7,1,1,25.175296733644,1,7,18,0.0,0.0,7.0
567,FwIgmXcZ,60854959,RIOMTGIA,1,3,2,125.86272521726,1,18,18,1.0,1.0,13.0
568,FwIgmXcZ,60854959,RIOMTGIA,2,2,1,117.92715161186393,5,5,19,1.0,1.0,12.0
569,FwIgmXcZ,60854959,RIOMTGIA,3,3,3,13.727872254541,1,2,2,1.0,1.0,10.0
570,FwIgmXcZ,60854959,RIOMTGIA,4,1,0,0.0,7,13,18,1.0,1.0,11.0
571,FwIgmXcZ,60854959,RIOMTGIA,5,4,4,49.118563786417,5,9,14,0.0,0.0,7.0
572,FwIgmXcZ,60854959,RIOMTGIA,6,1,0,0.0,6,19,20,2.0,2.0,10.0
573,FwIgmXcZ,60854959,RIOMTGIA,7,1,0,0.0,1,15,18,0.0,0.0,12.0
574,FwIgmXcZ,61235866,ZYTTBPNI,1,3,1,25.95574456561491,14,14,18,0.0,0.0,10.0
575,FwIgmXcZ,61235866,ZYTTBPNI,2,2,1,125.8889185631,4,6,19,1.0,1.0,13.0
576,FwIgmXcZ,61235866,ZYTTBPNI,3,3,1,99.42543123963,1,1,2,3.0,3.0,16.0
577,FwIgmXcZ,61235866,ZYTTBPNI,4,1,0,0.0,1,1,18,1.0,1.0,14.0
578,FwIgmXcZ,61235866,ZYTTBPNI,5,4,3,37.85786151358511,1,1,14,1.0,1.0,14.0
579,FwIgmXcZ,61235866,ZYTTBPNI,6,1,1,2.729374188922,6,19,20,0.0,0.0,10.0
580,FwIgmXcZ,61235866,ZYTTBPNI,7,1,1,11.91127887959,8,12,18,0.0,0.0,8.0
581,FwIgmXcZ,62285468,IDTTXZNX,1,3,3,119.89978229798,2,6,18,3.0,3.0,12.0
582,FwIgmXcZ,62285468,IDTTXZNX,2,2,2,49.176895162587,2,4,19,2.0,2.0,8.0
583,FwIgmXcZ,62285468,IDTTXZNX,3,3,0,0.0,1,1,2,1.0,1.0,18.0
584,FwIgmXcZ,62285468,IDTTXZNX,4,1,1,38.7369914396464,15,16,18,0.0,0.0,8.0
585,FwIgmXcZ,62285468,IDTTXZNX,5,4,2,112.8532385749,2,4,14,1.0,1.0,8.0
586,FwIgmXcZ,62285468,IDTTXZNX,6,1,1,4.43348822696,1,1,20,0.0,0.0,11.0
587,FwIgmXcZ,62285468,IDTTXZNX,7,1,1,32.825957926563,1,1,18,1.0,1.0,12.0
588,FwIgmXcZ,62706580,XECZIAGL,1,3,1,18.57425714439,8,9,18,0.0,0.0,9.0
589,FwIgmXcZ,62706580,XECZIAGL,2,2,2,92.494223273357,13,13,19,0.0,0.0,5.0
590,FwIgmXcZ,62706580,XECZIAGL,3,3,3,45.676158361485,1,1,2,1.0,1.0,12.0
591,FwIgmXcZ,62706580,XECZIAGL,4,1,0,0.0,1,5,18,0.0,0.0,7.0
592,FwIgmXcZ,62706580,XECZIAGL,5,4,4,98.39177727861,1,5,14,1.0,1.0,8.0
593,FwIgmXcZ,62706580,XECZIAGL,6,1,1,74.77575943855645,1,7,20,0.0,0.0,3.0
594,FwIgmXcZ,62706580,XECZIAGL,7,1,1,12.78275552575,4,4,18,0.0,0.0,10.0
595,FwIgmXcZ,64006504,QSQXMGKD,1,3,2,37.672182723177,3,13,18,0.0,0.0,11.0
596,FwIgmXcZ,64006504,QSQXMGKD,2,2,1,86.187224542952,12,18,19,0.0,0.0,8.0
597,FwIgmXcZ,64006504,QSQXMGKD,3,3,0,0.0,1,1,2,0.0,0.0,23.0
598,FwIgmXcZ,64006504,QSQXMGKD,4,1,0,0.0,2,3,18,2.0,2.0,13.0
599,FwIgmXcZ,64006504,QSQXMGKD,5,4,1,44.51746363883387,7,9,14,0.0,0.0,5.0
600,FwIgmXcZ,64006504,QSQXMGKD,6,1,0,0.0,1,2,20,2.0,2.0,7.0
601,FwIgmXcZ,64006504,QSQXMGKD,7,1,1,116.15272924571,7,14,18,0.0,0.0,10.0
602,FwIgmXcZ,64006960,SLYCZIVV,1,3,1,37.7111241285,1,12,18,0.0,0.0,15.0
603,FwIgmXcZ,64006960,SLYCZIVV,2,2,0,0.0,2,12,19,0.0,0.0,12.0
604,FwIgmXcZ,64006960,SLYCZIVV,3,3,2,19.96111413544,1,2,2,0.0,0.0,6.0
605,FwIgmXcZ,64006960,SLYCZIVV,4,1,0,0.0,9,15,18,1.0,1.0,8.0
606,FwIgmXcZ,64006960,SLYCZIVV,5,4,1,15.7395817636,1,12,14,1.0,1.0,8.0
607,FwIgmXcZ,64006960,SLYCZIVV,6,1,1,82.51642834387803,12,14,20,0.0,0.0,10.0
608,FwIgmXcZ,64006960,SLYCZIVV,7,1,1,118.53261388228,12,12,18,1.0,1.0,6.0
609,FwIgmXcZ,66199724,BOKEBIEQ,1,3,0,0.0,1,3,18,1.0,1.0,9.0
610,FwIgmXcZ,66199724,BOKEBIEQ,2,2,1,13.865252652256,3,5,19,1.0,1.0,15.0
611,FwIgmXcZ,66199724,BOKEBIEQ,3,3,0,0.0,1,1,2,4.0,4.0,14.0
612,FwIgmXcZ,66199724,BOKEBIEQ,4,1,1,39.97288391145,9,13,18,2.0,2.0,11.0
613,FwIgmXcZ,66199724,BOKEBIEQ,5,4,3,17.338717126555,1,14,14,0.0,0.0,5.0
614,FwIgmXcZ,66199724,BOKEBIEQ,6,1,1,22.44647776256,3,5,20,2.0,2.0,4.0
615,FwIgmXcZ,66199724,BOKEBIEQ,7,1,0,0.0,3,12,18,1.0,1.0,9.0
616,FwIgmXcZ,68495385,FQVWEULO,1,3,1,33.142845665661,2,7,18,0.0,0.0,7.0
617,FwIgmXcZ,68495385,FQVWEULO,2,2,2,112.34116877777,15,16,19,0.0,0.0,8.0
618,FwIgmXcZ,68495385,FQVWEULO,3,3,0,0.0,1,1,2,1.0,1.0,9.0
619,FwIgmXcZ,68495385,FQVWEULO,4,1,1,32.616923183574,7,17,18,0.0,0.0,10.0
620,FwIgmXcZ,68495385,FQVWEULO,5,4,3,95.38432121625169,1,4,14,0.0,0.0,4.0
621,FwIgmXcZ,68495385,FQVWEULO,6,1,1,34.98736293867,2,9,20,0.0,0.0,8.0
622,FwIgmXcZ,68495385,FQVWEULO,7,1,0,0.0,5,5,18,0.0,0.0,9.0
623,FwIgmXcZ,69481965,QLPYZOJU,1,3,2,18.82737429149,3,3,18,0.0,0.0,12.0
624,FwIgmXcZ,69481965,QLPYZOJU,2,2,2,78.48713586257,7,1,19,0.0,0.0,6.0
625,FwIgmXcZ,69481965,QLPYZOJU,3,3,2,52.54768225529208,2,2,2,0.0,0.0,14.0
626,FwIgmXcZ,69481965,QLPYZOJU,4,1,0,0.0,13,16,18,1.0,1.0,9.0
627,FwIgmXcZ,69481965,QLPYZOJU,5,4,3,97.22816624532,1,3,14,1.0,1.0,13.0
628,FwIgmXcZ,69481965,QLPYZOJU,6,1,0,0.0,6,2,20,0.0,0.0,12.0
629,FwIgmXcZ,69481965,QLPYZOJU,7,1,1,89.5579638868,6,9,18,0.0,0.0,16.0
630,FwIgmXcZ,70364928,VVFKMZTW,1,3,1,123.8775124469,1,2,18,1.0,1.0,14.0
631,FwIgmXcZ,70364928,VVFKMZTW,2,2,1,83.63191597676465,3,3,19,0.0,0.0,8.0
632,FwIgmXcZ,70364928,VVFKMZTW,3,3,1,95.99362569268,1,1,2,2.0,2.0,11.0
633,FwIgmXcZ,70364928,VVFKMZTW,4,1,1,65.2746497564,7,1,18,2.0,2.0,8.0
634,FwIgmXcZ,70364928,VVFKMZTW,5,4,0,0.0,2,11,14,0.0,0.0,7.0
635,FwIgmXcZ,70364928,VVFKMZTW,6,1,1,53.433135497393,9,15,20,2.0,2.0,9.0
636,FwIgmXcZ,70364928,VVFKMZTW,7,1,1,73.85441717491,2,3,18,2.0,2.0,6.0
637,FwIgmXcZ,70537955,OTRRFIFY,1,3,0,0.0,1,3,18,0.0,0.0,14.0
638,FwIgmXcZ,70537955,OTRRFIFY,2,2,1,11.872119699495,1,18,19,2.0,2.0,9.0
639,FwIgmXcZ,70537955,OTRRFIFY,3,3,1,61.779151843734,1,1,2,2.0,2.0,12.0
640,FwIgmXcZ,70537955,OTRRFIFY,4,1,0,0.0,1,1,18,1.0,1.0,8.0
641,FwIgmXcZ,70537955,OTRRFIFY,5,4,3,76.641695319914,4,12,14,0.0,0.0,5.0
642,FwIgmXcZ,70537955,OTRRFIFY,6,1,0,0.0,1,5,20,0.0,0.0,12.0
643,FwIgmXcZ,70537955,OTRRFIFY,7,1,0,0.0,4,5,18,1.0,1.0,10.0
644,FwIgmXcZ,70949382,VNZAXIYW,1,3,3,82.335418661342,3,16,18,3.0,3.0,26.0
645,FwIgmXcZ,70949382,VNZAXIYW,2,2,2,7.128824263872,1,1,19,1.0,1.0,5.0
646,FwIgmXcZ,70949382,VNZAXIYW,3,3,3,22.28664548193158,1,2,2,0.0,0.0,22.0
647,FwIgmXcZ,70949382,VNZAXIYW,4,1,1,89.56418644485748,1,11,18,0.0,0.0,11.0
648,FwIgmXcZ,70949382,VNZAXIYW,5,4,0,0.0,1,3,14,1.0,1.0,3.0
649,FwIgmXcZ,70949382,VNZAXIYW,6,1,1,88.13511142497,12,13,20,2.0,2.0,13.0
650,FwIgmXcZ,70949382,VNZAXIYW,7,1,0,0.0,13,13,18,1.0,1.0,15.0
651,FwIgmXcZ,71701853,PMYZMKYK,1,3,3,19.349463915949,13,18,18,2.0,2.0,19.0
652,FwIgmXcZ,71701853,PMYZMKYK,2,2,1,92.71362594524925,15,19,19,0.0,0.0,10.0
653,FwIgmXcZ,71701853,PMYZMKYK,3,3,3,96.17466627516964,1,1,2,0.0,0.0,14.0
654,FwIgmXcZ,71701853,PMYZMKYK,4,1,0,0.0,13,18,18,0.0,0.0,5.0
655,FwIgmXcZ,71701853,PMYZMKYK,5,4,0,0.0,1,11,14,1.0,1.0,6.0
656,FwIgmXcZ,71701853,PMYZMKYK,6,1,0,0.0,5,6,20,3.0,3.0,12.0
657,FwIgmXcZ,71701853,PMYZMKYK,7,1,0,0.0,4,8,18,3.0,3.0,15.0
658,FwIgmXcZ,72136733,HJWSGZJG,1,3,0,0.0,1,13,18,0.0,0.0,10.0
659,FwIgmXcZ,72136733,HJWSGZJG,2,2,0,0.0,4,6,19,1.0,1.0,9.0
660,FwIgmXcZ,72136733,HJWSGZJG,3,3,3,29.31645279358593,1,1,2,4.0,4.0,12.0
661,FwIgmXcZ,72136733,HJWSGZJG,4,1,0,0.0,1,11,18,2.0,2.0,6.0
662,FwIgmXcZ,72136733,HJWSGZJG,5,4,0,0.0,1,2,14,0.0,0.0,9.0
663,FwIgmXcZ,72136733,HJWSGZJG,6,1,0,0.0,3,16,20,0.0,0.0,6.0
664,FwIgmXcZ,72136733,HJWSGZJG,7,1,1,99.88525886446399,6,9,18,1.0,1.0,9.0
665,FwIgmXcZ,74286389,ZNFNBFNE,1,3,0,0.0,1,14,18,2.0,2.0,14.0
666,FwIgmXcZ,74286389,ZNFNBFNE,2,2,2,99.96356816279,2,5,19,0.0,0.0,10.0
667,FwIgmXcZ,74286389,ZNFNBFNE,3,3,2,113.58969634349,1,1,2,2.0,2.0,12.0
668,FwIgmXcZ,74286389,ZNFNBFNE,4,1,0,0.0,1,9,18,1.0,1.0,6.0
669,FwIgmXcZ,74286389,ZNFNBFNE,5,4,3,52.29769842693,3,6,14,0.0,0.0,7.0
670,FwIgmXcZ,74286389,ZNFNBFNE,6,1,1,17.737137421452,8,1,20,2.0,2.0,9.0
671,FwIgmXcZ,74286389,ZNFNBFNE,7,1,1,12.88345693886,2,2,18,2.0,2.0,10.0
672,FwIgmXcZ,74691457,SERBMYRL,1,3,3,11.71943975548,1,14,18,1.0,1.0,6.0
673,FwIgmXcZ,74691457,SERBMYRL,2,2,0,0.0,1,7,19,2.0,2.0,7.0
674,FwIgmXcZ,74691457,SERBMYRL,3,3,3,44.153217374183,1,1,2,0.0,0.0,13.0
675,FwIgmXcZ,74691457,SERBMYRL,4,1,0,0.0,5,8,18,0.0,0.0,11.0
676,FwIgmXcZ,74691457,SERBMYRL,5,4,0,0.0,1,3,14,1.0,1.0,8.0
677,FwIgmXcZ,74691457,SERBMYRL,6,1,0,0.0,2,3,20,0.0,0.0,9.0
678,FwIgmXcZ,74691457,SERBMYRL,7,1,0,0.0,2,4,18,1.0,1.0,8.0
679,FwIgmXcZ,75009759,YRTJTYXF,1,3,3,23.126568959985978,15,15,18,5.0,5.0,17.0
680,FwIgmXcZ,75009759,YRTJTYXF,2,2,2,35.12785838319,4,13,19,1.0,1.0,9.0
681,FwIgmXcZ,75009759,YRTJTYXF,3,3,3,14.788135389846,1,1,2,0.0,0.0,12.0
682,FwIgmXcZ,75009759,YRTJTYXF,4,1,0,0.0,2,2,18,0.0,0.0,11.0
683,FwIgmXcZ,75009759,YRTJTYXF,5,4,4,96.5627112794684,8,8,14,1.0,1.0,13.0
684,FwIgmXcZ,75009759,YRTJTYXF,6,1,1,11.78133975377,1,13,20,2.0,2.0,8.0
685,FwIgmXcZ,75009759,YRTJTYXF,7,1,1,79.133359662773,1,17,18,0.0,0.0,9.0
686,FwIgmXcZ,75511181,KHREKVER,1,3,0,0.0,3,13,18,0.0,0.0,10.0
687,FwIgmXcZ,75511181,KHREKVER,2,2,2,41.2955199489716,1,1,19,1.0,1.0,12.0
688,FwIgmXcZ,75511181,KHREKVER,3,3,2,13.191131631973,1,1,2,2.0,2.0,11.0
689,FwIgmXcZ,75511181,KHREKVER,4,1,1,1.138462365151,1,6,18,0.0,0.0,7.0
690,FwIgmXcZ,75511181,KHREKVER,5,4,3,41.499541361852,7,7,14,1.0,1.0,11.0
691,FwIgmXcZ,75511181,KHREKVER,6,1,1,69.7928288484242,7,18,20,1.0,1.0,10.0
692,FwIgmXcZ,75511181,KHREKVER,7,1,1,5.956657781,2,6,18,0.0,0.0,8.0
693,FwIgmXcZ,75649677,YZIVTCDW,1,3,1,37.57498833791,4,8,18,0.0,0.0,9.0
694,FwIgmXcZ,75649677,YZIVTCDW,2,2,1,34.67833181444,12,19,19,1.0,1.0,15.0
695,FwIgmXcZ,75649677,YZIVTCDW,3,3,2,57.9886787993437,1,1,2,0.0,0.0,15.0
696,FwIgmXcZ,75649677,YZIVTCDW,4,1,1,58.635885239965695,1,1,18,1.0,1.0,5.0
697,FwIgmXcZ,75649677,YZIVTCDW,5,4,4,77.68643863995,7,1,14,2.0,2.0,10.0
698,FwIgmXcZ,75649677,YZIVTCDW,6,1,0,0.0,5,11,20,1.0,1.0,6.0
699,FwIgmXcZ,75649677,YZIVTCDW,7,1,0,0.0,1,1,18,2.0,2.0,9.0
700,FwIgmXcZ,76602361,SDVEXQXT,1,3,3,77.995999765189,1,1,18,1.0,1.0,12.0
701,FwIgmXcZ,76602361,SDVEXQXT,2,2,0,0.0,7,8,19,0.0,0.0,12.0
702,FwIgmXcZ,76602361,SDVEXQXT,3,3,0,0.0,1,2,2,3.0,3.0,15.0
703,FwIgmXcZ,76602361,SDVEXQXT,4,1,0,0.0,3,1,18,1.0,1.0,9.0
704,FwIgmXcZ,76602361,SDVEXQXT,5,4,1,84.76712127955155,4,13,14,0.0,0.0,13.0
705,FwIgmXcZ,76602361,SDVEXQXT,6,1,0,0.0,8,9,20,1.0,1.0,5.0
706,FwIgmXcZ,76602361,SDVEXQXT,7,1,0,0.0,14,14,18,1.0,1.0,11.0
707,FwIgmXcZ,76700075,AYPSBCHL,1,3,2,111.7453264457,1,1,18,0.0,0.0,10.0
708,FwIgmXcZ,76700075,AYPSBCHL,2,2,2,15.922233333,1,1,19,1.0,1.0,10.0
709,FwIgmXcZ,76700075,AYPSBCHL,3,3,1,44.267438741892,1,1,2,2.0,2.0,15.0
710,FwIgmXcZ,76700075,AYPSBCHL,4,1,1,119.81313579142763,1,2,18,1.0,1.0,7.0
711,FwIgmXcZ,76700075,AYPSBCHL,5,4,4,98.7214117245,1,1,14,0.0,0.0,3.0
712,FwIgmXcZ,76700075,AYPSBCHL,6,1,0,0.0,7,8,20,0.0,0.0,6.0
713,FwIgmXcZ,76700075,AYPSBCHL,7,1,0,0.0,1,2,18,1.0,1.0,8.0
714,FwIgmXcZ,76916434,IJEYJUPG,1,3,1,66.7944489192,2,5,18,1.0,1.0,22.0
715,FwIgmXcZ,76916434,IJEYJUPG,2,2,1,8.2559857974844,1,2,19,0.0,0.0,6.0
716,FwIgmXcZ,76916434,IJEYJUPG,3,3,3,98.573422897632,1,1,2,0.0,0.0,15.0
717,FwIgmXcZ,76916434,IJEYJUPG,4,1,0,0.0,8,1,18,0.0,0.0,12.0
718,FwIgmXcZ,76916434,IJEYJUPG,5,4,3,56.828684337439086,3,8,14,0.0,0.0,7.0
719,FwIgmXcZ,76916434,IJEYJUPG,6,1,1,73.9454134782785,1,6,20,0.0,0.0,8.0
720,FwIgmXcZ,76916434,IJEYJUPG,7,1,1,12.174117862798,3,5,18,0.0,0.0,5.0
721,FwIgmXcZ,77980993,UKNGPBUC,1,3,1,6.72896716555,1,4,18,2.0,2.0,8.0
722,FwIgmXcZ,77980993,UKNGPBUC,2,2,0,0.0,5,5,19,2.0,2.0,9.0
723,FwIgmXcZ,77980993,UKNGPBUC,3,3,2,31.4591651525,1,2,2,3.0,3.0,19.0
724,FwIgmXcZ,77980993,UKNGPBUC,4,1,1,55.446152271516965,1,4,18,0.0,0.0,10.0
725,FwIgmXcZ,77980993,UKNGPBUC,5,4,1,124.3135379586,1,2,14,1.0,1.0,11.0
726,FwIgmXcZ,77980993,UKNGPBUC,6,1,1,115.653761173,6,12,20,0.0,0.0,9.0
727,FwIgmXcZ,77980993,UKNGPBUC,7,1,0,0.0,1,1,18,3.0,3.0,8.0
728,FwIgmXcZ,78054648,KWXIEQCX,1,3,3,21.532441881629,11,14,18,0.0,0.0,11.0
729,FwIgmXcZ,78054648,KWXIEQCX,2,2,0,0.0,1,8,19,0.0,0.0,9.0
730,FwIgmXcZ,78054648,KWXIEQCX,3,3,1,39.31531656489,1,1,2,2.0,2.0,12.0
731,FwIgmXcZ,78054648,KWXIEQCX,4,1,1,69.78354953779,2,12,18,0.0,0.0,9.0
732,FwIgmXcZ,78054648,KWXIEQCX,5,4,3,4.484134263512,5,14,14,0.0,0.0,4.0
733,FwIgmXcZ,78054648,KWXIEQCX,6,1,1,41.365716927146,9,13,20,2.0,2.0,4.0
734,FwIgmXcZ,78054648,KWXIEQCX,7,1,1,17.74756789775,4,8,18,1.0,1.0,7.0
735,FwIgmXcZ,78185948,CESJNFEK,1,3,1,75.19642781299163,1,1,18,0.0,0.0,16.0
736,FwIgmXcZ,78185948,CESJNFEK,2,2,0,0.0,1,1,19,0.0,0.0,10.0
737,FwIgmXcZ,78185948,CESJNFEK,3,3,0,0.0,1,1,2,0.0,0.0,6.0
738,FwIgmXcZ,78185948,CESJNFEK,4,1,1,44.434767849,1,1,18,1.0,1.0,9.0
739,FwIgmXcZ,78185948,CESJNFEK,5,4,3,43.66698359862,1,1,14,1.0,1.0,13.0
740,FwIgmXcZ,78185948,CESJNFEK,6,1,1,31.122745574998,1,1,20,0.0,0.0,8.0
741,FwIgmXcZ,78185948,CESJNFEK,7,1,0,0.0,2,4,18,1.0,1.0,9.0
742,FwIgmXcZ,78780245,XFCDGSDI,1,3,3,86.38428743411,2,8,18,1.0,1.0,14.0
743,FwIgmXcZ,78780245,XFCDGSDI,2,2,1,93.73232931814267,4,14,19,0.0,0.0,6.0
744,FwIgmXcZ,78780245,XFCDGSDI,3,3,3,11.829153133496,1,2,2,1.0,1.0,16.0
745,FwIgmXcZ,78780245,XFCDGSDI,4,1,0,0.0,6,18,18,2.0,2.0,11.0
746,FwIgmXcZ,78780245,XFCDGSDI,5,4,0,0.0,1,2,14,1.0,1.0,8.0
747,FwIgmXcZ,78780245,XFCDGSDI,6,1,0,0.0,1,8,20,1.0,1.0,8.0
748,FwIgmXcZ,78780245,XFCDGSDI,7,1,1,38.41592888342774,7,11,18,0.0,0.0,10.0
749,FwIgmXcZ,80447237,HYKCUUFN,1,3,1,124.29487267647,7,1,18,1.0,1.0,18.0
750,FwIgmXcZ,80447237,HYKCUUFN,2,2,0,0.0,1,4,19,1.0,1.0,8.0
751,FwIgmXcZ,80447237,HYKCUUFN,3,3,2,54.997388167785,1,1,2,1.0,1.0,17.0
752,FwIgmXcZ,80447237,HYKCUUFN,4,1,0,0.0,1,1,18,0.0,0.0,13.0
753,FwIgmXcZ,80447237,HYKCUUFN,5,4,2,59.94332852829,1,3,14,2.0,2.0,3.0
754,FwIgmXcZ,80447237,HYKCUUFN,6,1,1,61.826117878,1,5,20,1.0,1.0,9.0
755,FwIgmXcZ,80447237,HYKCUUFN,7,1,1,83.182549955744,3,6,18,0.0,0.0,18.0
756,FwIgmXcZ,81160204,CUBKFMPJ,1,3,3,47.3698681281,1,1,18,1.0,1.0,13.0
757,FwIgmXcZ,81160204,CUBKFMPJ,2,2,1,3.26149777627,13,19,19,3.0,3.0,4.0
758,FwIgmXcZ,81160204,CUBKFMPJ,3,3,3,26.363874139446,1,1,2,1.0,1.0,23.0
759,FwIgmXcZ,81160204,CUBKFMPJ,4,1,1,22.28677612394,1,6,18,0.0,0.0,6.0
760,FwIgmXcZ,81160204,CUBKFMPJ,5,4,4,19.459897179339,1,12,14,0.0,0.0,11.0
761,FwIgmXcZ,81160204,CUBKFMPJ,6,1,1,111.8943318531,8,15,20,1.0,1.0,11.0
762,FwIgmXcZ,81160204,CUBKFMPJ,7,1,1,122.396625493,1,1,18,2.0,2.0,9.0
763,FwIgmXcZ,81276121,AAOAQBAY,1,3,3,9.97771655175,16,16,18,1.0,1.0,10.0
764,FwIgmXcZ,81276121,AAOAQBAY,2,2,0,0.0,8,17,19,1.0,1.0,6.0
765,FwIgmXcZ,81276121,AAOAQBAY,3,3,3,7.284333698689,1,1,2,0.0,0.0,13.0
766,FwIgmXcZ,81276121,AAOAQBAY,4,1,0,0.0,3,11,18,0.0,0.0,11.0
767,FwIgmXcZ,81276121,AAOAQBAY,5,4,2,88.972978182499,6,9,14,1.0,1.0,8.0
768,FwIgmXcZ,81276121,AAOAQBAY,6,1,0,0.0,11,14,20,2.0,2.0,12.0
769,FwIgmXcZ,81276121,AAOAQBAY,7,1,1,79.914642239338,14,17,18,2.0,2.0,11.0
770,FwIgmXcZ,81907296,QQDWRXLB,1,3,0,0.0,4,13,18,2.0,2.0,11.0
771,FwIgmXcZ,81907296,QQDWRXLB,2,2,1,52.58244745818,12,17,19,0.0,0.0,8.0
772,FwIgmXcZ,81907296,QQDWRXLB,3,3,0,0.0,1,1,2,1.0,1.0,12.0
773,FwIgmXcZ,81907296,QQDWRXLB,4,1,1,75.45748624696,4,12,18,0.0,0.0,6.0
774,FwIgmXcZ,81907296,QQDWRXLB,5,4,4,28.894459698,2,7,14,1.0,1.0,16.0
775,FwIgmXcZ,81907296,QQDWRXLB,6,1,0,0.0,17,19,20,1.0,1.0,12.0
776,FwIgmXcZ,81907296,QQDWRXLB,7,1,0,0.0,5,7,18,0.0,0.0,7.0
777,FwIgmXcZ,82102391,LMWIHQEP,1,3,2,29.43775539352942,2,6,18,1.0,1.0,15.0
778,FwIgmXcZ,82102391,LMWIHQEP,2,2,2,82.347749582561,8,12,19,0.0,0.0,11.0
779,FwIgmXcZ,82102391,LMWIHQEP,3,3,0,0.0,1,1,2,2.0,2.0,19.0
780,FwIgmXcZ,82102391,LMWIHQEP,4,1,0,0.0,7,17,18,2.0,2.0,13.0
781,FwIgmXcZ,82102391,LMWIHQEP,5,4,1,43.82353721758965,5,5,14,1.0,1.0,11.0
782,FwIgmXcZ,82102391,LMWIHQEP,6,1,0,0.0,17,2,20,1.0,1.0,12.0
783,FwIgmXcZ,82102391,LMWIHQEP,7,1,1,7.978382226637,2,4,18,0.0,0.0,6.0
784,FwIgmXcZ,82133684,ACRDGHTP,1,3,0,0.0,9,12,18,1.0,1.0,12.0
785,FwIgmXcZ,82133684,ACRDGHTP,2,2,1,17.83774243843,8,19,19,2.0,2.0,11.0
786,FwIgmXcZ,82133684,ACRDGHTP,3,3,3,13.62918357255,1,2,2,3.0,3.0,11.0
787,FwIgmXcZ,82133684,ACRDGHTP,4,1,0,0.0,2,12,18,1.0,1.0,3.0
788,FwIgmXcZ,82133684,ACRDGHTP,5,4,3,24.327755665765,6,7,14,1.0,1.0,6.0
789,FwIgmXcZ,82133684,ACRDGHTP,6,1,1,86.615429247844,5,9,20,2.0,2.0,13.0
790,FwIgmXcZ,82133684,ACRDGHTP,7,1,1,16.457489665693,14,14,18,1.0,1.0,4.0
791,FwIgmXcZ,82466048,ZLONWVXW,1,3,1,95.15691258657,1,1,18,0.0,0.0,11.0
792,FwIgmXcZ,82466048,ZLONWVXW,2,2,2,24.257254773433484,3,8,19,2.0,2.0,7.0
793,FwIgmXcZ,82466048,ZLONWVXW,3,3,2,42.982773822814,1,2,2,0.0,0.0,9.0
794,FwIgmXcZ,82466048,ZLONWVXW,4,1,1,57.693733492831996,2,9,18,0.0,0.0,7.0
795,FwIgmXcZ,82466048,ZLONWVXW,5,4,3,75.376238716989,1,8,14,0.0,0.0,7.0
796,FwIgmXcZ,82466048,ZLONWVXW,6,1,1,111.6768285723106,1,1,20,0.0,0.0,5.0
797,FwIgmXcZ,82466048,ZLONWVXW,7,1,0,0.0,4,12,18,0.0,0.0,8.0
798,FwIgmXcZ,83089982,RBOVBAYF,1,3,1,123.76476415631,1,1,18,1.0,1.0,6.0
799,FwIgmXcZ,83089982,RBOVBAYF,2,2,0,0.0,4,6,19,0.0,0.0,6.0
800,FwIgmXcZ,83089982,RBOVBAYF,3,3,1,41.59174715891,1,1,2,1.0,1.0,14.0
801,FwIgmXcZ,83089982,RBOVBAYF,4,1,1,11.35535434625,1,5,18,0.0,0.0,8.0
802,FwIgmXcZ,83089982,RBOVBAYF,5,4,4,112.82566784472608,1,1,14,1.0,1.0,9.0
803,FwIgmXcZ,83089982,RBOVBAYF,6,1,0,0.0,1,3,20,2.0,2.0,5.0
804,FwIgmXcZ,83089982,RBOVBAYF,7,1,1,31.438837693834,5,17,18,2.0,2.0,6.0
805,FwIgmXcZ,83164635,QDTPHCPT,1,3,0,0.0,3,3,18,2.0,2.0,14.0
806,FwIgmXcZ,83164635,QDTPHCPT,2,2,1,94.43737152111,1,1,19,0.0,0.0,7.0
807,FwIgmXcZ,83164635,QDTPHCPT,3,3,1,42.371776768383434,1,1,2,1.0,1.0,9.0
808,FwIgmXcZ,83164635,QDTPHCPT,4,1,1,35.5245217769,2,2,18,1.0,1.0,14.0
809,FwIgmXcZ,83164635,QDTPHCPT,5,4,1,49.536154218598,1,3,14,1.0,1.0,10.0
810,FwIgmXcZ,83164635,QDTPHCPT,6,1,0,0.0,7,1,20,1.0,1.0,3.0
811,FwIgmXcZ,83164635,QDTPHCPT,7,1,0,0.0,5,6,18,1.0,1.0,8.0
812,FwIgmXcZ,83190580,QLRYTWZC,1,3,2,58.62539748718,1,3,18,1.0,1.0,16.0
813,FwIgmXcZ,83190580,QLRYTWZC,2,2,0,0.0,4,12,19,3.0,3.0,14.0
814,FwIgmXcZ,83190580,QLRYTWZC,3,3,0,0.0,1,1,2,1.0,1.0,18.0
815,FwIgmXcZ,83190580,QLRYTWZC,4,1,0,0.0,1,14,18,1.0,1.0,6.0
816,FwIgmXcZ,83190580,QLRYTWZC,5,4,3,9.84752184448,9,12,14,1.0,1.0,8.0
817,FwIgmXcZ,83190580,QLRYTWZC,6,1,1,11.29115282,14,15,20,0.0,0.0,8.0
818,FwIgmXcZ,83190580,QLRYTWZC,7,1,0,0.0,1,2,18,0.0,0.0,10.0
819,FwIgmXcZ,83625819,HKRIFSJR,1,3,0,0.0,7,15,18,2.0,2.0,18.0
820,FwIgmXcZ,83625819,HKRIFSJR,2,2,0,0.0,2,5,19,2.0,2.0,10.0
821,FwIgmXcZ,83625819,HKRIFSJR,3,3,1,34.352346557244,1,1,2,0.0,0.0,18.0
822,FwIgmXcZ,83625819,HKRIFSJR,4,1,0,0.0,1,1,18,1.0,1.0,8.0
823,FwIgmXcZ,83625819,HKRIFSJR,5,4,1,114.95685835497,3,5,14,2.0,2.0,9.0
824,FwIgmXcZ,83625819,HKRIFSJR,6,1,1,24.324641443272,12,18,20,0.0,0.0,5.0
825,FwIgmXcZ,83625819,HKRIFSJR,7,1,1,61.571944728545,1,5,18,0.0,0.0,13.0
826,FwIgmXcZ,83852166,FLEBLTCE,1,3,0,0.0,1,15,18,1.0,1.0,8.0
827,FwIgmXcZ,83852166,FLEBLTCE,2,2,1,43.343479495,2,9,19,1.0,1.0,7.0
828,FwIgmXcZ,83852166,FLEBLTCE,3,3,1,64.331354712744,1,2,2,1.0,1.0,8.0
829,FwIgmXcZ,83852166,FLEBLTCE,4,1,1,68.81248474959803,6,9,18,1.0,1.0,11.0
830,FwIgmXcZ,83852166,FLEBLTCE,5,4,0,0.0,7,7,14,1.0,1.0,6.0
831,FwIgmXcZ,83852166,FLEBLTCE,6,1,1,53.228737334819,1,13,20,1.0,1.0,8.0
832,FwIgmXcZ,83852166,FLEBLTCE,7,1,0,0.0,11,12,18,0.0,0.0,15.0
833,FwIgmXcZ,84162388,SCTDEWRC,1,3,1,84.38893451492,8,17,18,1.0,1.0,16.0
834,FwIgmXcZ,84162388,SCTDEWRC,2,2,0,0.0,1,1,19,2.0,2.0,6.0
835,FwIgmXcZ,84162388,SCTDEWRC,3,3,3,24.819419367251,1,1,2,1.0,1.0,14.0
836,FwIgmXcZ,84162388,SCTDEWRC,4,1,1,81.52596843385,9,9,18,2.0,2.0,8.0
837,FwIgmXcZ,84162388,SCTDEWRC,5,4,0,0.0,6,8,14,1.0,1.0,6.0
838,FwIgmXcZ,84162388,SCTDEWRC,6,1,0,0.0,1,3,20,1.0,1.0,11.0
839,FwIgmXcZ,84162388,SCTDEWRC,7,1,1,11.182248849,17,17,18,0.0,0.0,8.0
840,FwIgmXcZ,84546559,UMBNUBTL,1,3,1,53.312191559258,5,18,18,2.0,2.0,11.0
841,FwIgmXcZ,84546559,UMBNUBTL,2,2,0,0.0,11,12,19,0.0,0.0,13.0
842,FwIgmXcZ,84546559,UMBNUBTL,3,3,3,11.48812917356,1,1,2,0.0,0.0,19.0
843,FwIgmXcZ,84546559,UMBNUBTL,4,1,1,67.96499344837,2,11,18,1.0,1.0,14.0
844,FwIgmXcZ,84546559,UMBNUBTL,5,4,1,123.568988311,7,9,14,4.0,4.0,12.0
845,FwIgmXcZ,84546559,UMBNUBTL,6,1,0,0.0,7,14,20,1.0,1.0,9.0
846,FwIgmXcZ,84546559,UMBNUBTL,7,1,1,95.53391778969792,1,1,18,1.0,1.0,8.0
847,FwIgmXcZ,84665343,AICZMAXH,1,3,0,0.0,1,5,18,1.0,1.0,14.0
848,FwIgmXcZ,84665343,AICZMAXH,2,2,1,39.57479893314803,2,1,19,1.0,1.0,9.0
849,FwIgmXcZ,84665343,AICZMAXH,3,3,1,71.934938637655,1,1,2,1.0,1.0,16.0
850,FwIgmXcZ,84665343,AICZMAXH,4,1,0,0.0,1,1,18,0.0,0.0,9.0
851,FwIgmXcZ,84665343,AICZMAXH,5,4,3,12.229287895,1,6,14,1.0,1.0,8.0
852,FwIgmXcZ,84665343,AICZMAXH,6,1,1,121.29447393261485,1,2,20,1.0,1.0,8.0
853,FwIgmXcZ,84665343,AICZMAXH,7,1,0,0.0,3,6,18,0.0,0.0,14.0
854,FwIgmXcZ,86321426,FEONBANN,1,3,0,0.0,1,3,18,1.0,1.0,8.0
855,FwIgmXcZ,86321426,FEONBANN,2,2,0,0.0,1,4,19,1.0,1.0,10.0
856,FwIgmXcZ,86321426,FEONBANN,3,3,0,0.0,1,2,2,2.0,2.0,15.0
857,FwIgmXcZ,86321426,FEONBANN,4,1,1,31.74414597324,2,13,18,0.0,0.0,7.0
858,FwIgmXcZ,86321426,FEONBANN,5,4,1,12.22765333548,1,1,14,1.0,1.0,11.0
859,FwIgmXcZ,86321426,FEONBANN,6,1,1,69.64562671962489,7,7,20,0.0,0.0,9.0
860,FwIgmXcZ,86321426,FEONBANN,7,1,1,11.316895747269,14,18,18,2.0,2.0,10.0
861,FwIgmXcZ,86902797,XQXTJKCI,1,3,1,77.7591398481,11,13,18,3.0,3.0,12.0
862,FwIgmXcZ,86902797,XQXTJKCI,2,2,1,31.186592641268,3,7,19,1.0,1.0,9.0
863,FwIgmXcZ,86902797,XQXTJKCI,3,3,0,0.0,1,1,2,1.0,1.0,12.0
864,FwIgmXcZ,86902797,XQXTJKCI,4,1,0,0.0,6,9,18,1.0,1.0,8.0
865,FwIgmXcZ,86902797,XQXTJKCI,5,4,3,35.84238842714,1,1,14,0.0,0.0,6.0
866,FwIgmXcZ,86902797,XQXTJKCI,6,1,0,0.0,1,6,20,0.0,0.0,10.0
867,FwIgmXcZ,86902797,XQXTJKCI,7,1,0,0.0,3,6,18,0.0,0.0,10.0
868,FwIgmXcZ,87185177,LPWSZWZF,1,3,3,98.4628614199,4,9,18,1.0,1.0,7.0
869,FwIgmXcZ,87185177,LPWSZWZF,2,2,2,32.623492611385,4,8,19,0.0,0.0,14.0
870,FwIgmXcZ,87185177,LPWSZWZF,3,3,3,32.31893784424139,1,2,2,1.0,1.0,11.0
871,FwIgmXcZ,87185177,LPWSZWZF,4,1,0,0.0,1,8,18,0.0,0.0,10.0
872,FwIgmXcZ,87185177,LPWSZWZF,5,4,0,0.0,5,6,14,1.0,1.0,11.0
873,FwIgmXcZ,87185177,LPWSZWZF,6,1,1,21.82862468434667,2,9,20,2.0,2.0,8.0
874,FwIgmXcZ,87185177,LPWSZWZF,7,1,1,42.78123755368592,6,6,18,2.0,2.0,9.0
875,FwIgmXcZ,87392512,UJGUKTXZ,1,3,1,68.773933939298,2,2,18,1.0,1.0,9.0
876,FwIgmXcZ,87392512,UJGUKTXZ,2,2,1,17.996431466921,2,15,19,0.0,0.0,8.0
877,FwIgmXcZ,87392512,UJGUKTXZ,3,3,0,0.0,1,1,2,1.0,1.0,20.0
878,FwIgmXcZ,87392512,UJGUKTXZ,4,1,1,86.68881495914,5,1,18,2.0,2.0,9.0
879,FwIgmXcZ,87392512,UJGUKTXZ,5,4,2,7.47421174743,6,1,14,2.0,2.0,10.0
880,FwIgmXcZ,87392512,UJGUKTXZ,6,1,1,3.58828946232,4,4,20,0.0,0.0,11.0
881,FwIgmXcZ,87392512,UJGUKTXZ,7,1,0,0.0,1,1,18,1.0,1.0,8.0
882,FwIgmXcZ,87877542,PVFNTTDM,1,3,3,42.2815379155,1,14,18,2.0,2.0,11.0
883,FwIgmXcZ,87877542,PVFNTTDM,2,2,1,16.63531984766,5,16,19,2.0,2.0,9.0
884,FwIgmXcZ,87877542,PVFNTTDM,3,3,3,61.666372123,1,1,2,3.0,3.0,13.0
885,FwIgmXcZ,87877542,PVFNTTDM,4,1,0,0.0,11,13,18,1.0,1.0,9.0
886,FwIgmXcZ,87877542,PVFNTTDM,5,4,4,68.3976247976,1,3,14,2.0,2.0,13.0
887,FwIgmXcZ,87877542,PVFNTTDM,6,1,1,4.7677151289637,1,12,20,2.0,2.0,7.0
888,FwIgmXcZ,87877542,PVFNTTDM,7,1,0,0.0,7,14,18,2.0,2.0,5.0
889,FwIgmXcZ,89476536,UERAHCJP,1,3,1,56.612998637283,5,5,18,1.0,1.0,9.0
890,FwIgmXcZ,89476536,UERAHCJP,2,2,0,0.0,1,3,19,1.0,1.0,6.0
891,FwIgmXcZ,89476536,UERAHCJP,3,3,3,49.29121357473,1,1,2,0.0,0.0,16.0
892,FwIgmXcZ,89476536,UERAHCJP,4,1,0,0.0,4,5,18,2.0,2.0,13.0
893,FwIgmXcZ,89476536,UERAHCJP,5,4,2,17.495142283979,1,1,14,2.0,2.0,9.0
894,FwIgmXcZ,89476536,UERAHCJP,6,1,1,117.3486899965,3,7,20,2.0,2.0,7.0
895,FwIgmXcZ,89476536,UERAHCJP,7,1,0,0.0,5,1,18,0.0,0.0,8.0
896,FwIgmXcZ,89567099,ABCSRFDG,1,3,2,113.53747929789,2,8,18,0.0,0.0,11.0
897,FwIgmXcZ,89567099,ABCSRFDG,2,2,0,0.0,1,4,19,2.0,2.0,12.0
898,FwIgmXcZ,89567099,ABCSRFDG,3,3,2,71.396821111933,1,2,2,0.0,0.0,13.0
899,FwIgmXcZ,89567099,ABCSRFDG,4,1,1,82.2154546631167,1,6,18,1.0,1.0,13.0
900,FwIgmXcZ,89567099,ABCSRFDG,5,4,2,124.13221246215595,4,4,14,2.0,2.0,9.0
901,FwIgmXcZ,89567099,ABCSRFDG,6,1,0,0.0,2,2,20,0.0,0.0,8.0
902,FwIgmXcZ,89567099,ABCSRFDG,7,1,1,38.3151252569,1,4,18,1.0,1.0,9.0
903,FwIgmXcZ,89722411,UDWPWCHS,1,3,2,12.333727285294,8,15,18,0.0,0.0,8.0
904,FwIgmXcZ,89722411,UDWPWCHS,2,2,0,0.0,1,3,19,2.0,2.0,14.0
905,FwIgmXcZ,89722411,UDWPWCHS,3,3,0,0.0,1,2,2,1.0,1.0,10.0
906,FwIgmXcZ,89722411,UDWPWCHS,4,1,0,0.0,12,15,18,2.0,2.0,4.0
907,FwIgmXcZ,89722411,UDWPWCHS,5,4,0,0.0,11,11,14,0.0,0.0,6.0
908,FwIgmXcZ,89722411,UDWPWCHS,6,1,1,49.92456496463686,1,1,20,0.0,0.0,4.0
909,FwIgmXcZ,89722411,UDWPWCHS,7,1,1,53.24556358,1,13,18,0.0,0.0,5.0
910,FwIgmXcZ,89823928,DAIJNWRI,1,3,0,0.0,14,16,18,1.0,1.0,13.0
911,FwIgmXcZ,89823928,DAIJNWRI,2,2,1,64.576879164,1,1,19,0.0,0.0,13.0
912,FwIgmXcZ,89823928,DAIJNWRI,3,3,1,42.7555892381,1,1,2,1.0,1.0,13.0
913,FwIgmXcZ,89823928,DAIJNWRI,4,1,1,85.473999789352,5,7,18,0.0,0.0,9.0
914,FwIgmXcZ,89823928,DAIJNWRI,5,4,1,42.69474266773,1,12,14,0.0,0.0,6.0
915,FwIgmXcZ,89823928,DAIJNWRI,6,1,1,21.573251134471633,2,7,20,1.0,1.0,7.0
916,FwIgmXcZ,89823928,DAIJNWRI,7,1,0,0.0,6,18,18,1.0,1.0,6.0
917,FwIgmXcZ,90490476,RYKTLJTY,1,3,2,23.56194986581,1,1,18,1.0,1.0,9.0
918,FwIgmXcZ,90490476,RYKTLJTY,2,2,2,34.494879784341,14,14,19,1.0,1.0,6.0
919,FwIgmXcZ,90490476,RYKTLJTY,3,3,3,37.27362422982317,1,1,2,1.0,1.0,13.0
920,FwIgmXcZ,90490476,RYKTLJTY,4,1,0,0.0,1,11,18,1.0,1.0,10.0
921,FwIgmXcZ,90490476,RYKTLJTY,5,4,1,62.62767364864951,1,1,14,2.0,2.0,7.0
922,FwIgmXcZ,90490476,RYKTLJTY,6,1,1,14.85181654529,14,19,20,0.0,0.0,3.0
923,FwIgmXcZ,90490476,RYKTLJTY,7,1,1,79.94237719922,1,1,18,1.0,1.0,13.0
924,FwIgmXcZ,90739087,GMTHFIYV,1,3,0,0.0,1,4,18,0.0,0.0,14.0
925,FwIgmXcZ,90739087,GMTHFIYV,2,2,0,0.0,3,5,19,1.0,1.0,9.0
926,FwIgmXcZ,90739087,GMTHFIYV,3,3,1,19.662418118755,1,2,2,1.0,1.0,7.0
927,FwIgmXcZ,90739087,GMTHFIYV,4,1,0,0.0,3,4,18,1.0,1.0,10.0
928,FwIgmXcZ,90739087,GMTHFIYV,5,4,0,0.0,1,12,14,1.0,1.0,13.0
929,FwIgmXcZ,90739087,GMTHFIYV,6,1,1,81.571259138291,1,13,20,0.0,0.0,6.0
930,FwIgmXcZ,90739087,GMTHFIYV,7,1,1,2.182426244,1,5,18,0.0,0.0,5.0
931,FwIgmXcZ,91067504,YTXAYBEF,1,3,1,39.2262453867712,3,5,18,1.0,1.0,9.0
932,FwIgmXcZ,91067504,YTXAYBEF,2,2,1,116.8394159627,2,7,19,2.0,2.0,15.0
933,FwIgmXcZ,91067504,YTXAYBEF,3,3,3,121.552459593,1,1,2,2.0,2.0,9.0
934,FwIgmXcZ,91067504,YTXAYBEF,4,1,0,0.0,1,1,18,2.0,2.0,11.0
935,FwIgmXcZ,91067504,YTXAYBEF,5,4,3,55.267919871144,3,1,14,3.0,3.0,11.0
936,FwIgmXcZ,91067504,YTXAYBEF,6,1,0,0.0,15,2,20,0.0,0.0,8.0
937,FwIgmXcZ,91067504,YTXAYBEF,7,1,1,16.2162765847,8,14,18,0.0,0.0,12.0
938,FwIgmXcZ,91452393,BLBZJSPC,1,3,2,53.391856717325,3,4,18,0.0,0.0,16.0
939,FwIgmXcZ,91452393,BLBZJSPC,2,2,2,34.294489422621,1,9,19,0.0,0.0,4.0
940,FwIgmXcZ,91452393,BLBZJSPC,3,3,0,0.0,1,1,2,0.0,0.0,9.0
941,FwIgmXcZ,91452393,BLBZJSPC,4,1,0,0.0,5,6,18,1.0,1.0,5.0
942,FwIgmXcZ,91452393,BLBZJSPC,5,4,4,48.87194711517553,11,14,14,0.0,0.0,7.0
943,FwIgmXcZ,91452393,BLBZJSPC,6,1,1,15.79167556751,11,11,20,0.0,0.0,8.0
944,FwIgmXcZ,91452393,BLBZJSPC,7,1,1,17.98675959432,2,11,18,1.0,1.0,11.0
945,FwIgmXcZ,92331216,FTPQFMIU,1,3,0,0.0,8,13,18,0.0,0.0,11.0
946,FwIgmXcZ,92331216,FTPQFMIU,2,2,1,32.61564564287,5,7,19,0.0,0.0,8.0
947,FwIgmXcZ,92331216,FTPQFMIU,3,3,1,98.91354745667653,1,2,2,2.0,2.0,18.0
948,FwIgmXcZ,92331216,FTPQFMIU,4,1,1,11.639295251,1,7,18,1.0,1.0,9.0
949,FwIgmXcZ,92331216,FTPQFMIU,5,4,4,83.62749934727,1,1,14,1.0,1.0,8.0
950,FwIgmXcZ,92331216,FTPQFMIU,6,1,1,25.479981119183563,2,17,20,1.0,1.0,4.0
951,FwIgmXcZ,92331216,FTPQFMIU,7,1,0,0.0,1,5,18,0.0,0.0,9.0
952,FwIgmXcZ,92444093,QWMAAGKO,1,3,3,29.849922614748,1,2,18,0.0,0.0,16.0
953,FwIgmXcZ,92444093,QWMAAGKO,2,2,0,0.0,7,1,19,1.0,1.0,10.0
954,FwIgmXcZ,92444093,QWMAAGKO,3,3,0,0.0,1,1,2,0.0,0.0,9.0
955,FwIgmXcZ,92444093,QWMAAGKO,4,1,0,0.0,1,5,18,3.0,3.0,12.0
956,FwIgmXcZ,92444093,QWMAAGKO,5,4,2,82.829455124694,1,4,14,2.0,2.0,12.0
957,FwIgmXcZ,92444093,QWMAAGKO,6,1,0,0.0,2,16,20,1.0,1.0,2.0
958,FwIgmXcZ,92444093,QWMAAGKO,7,1,1,54.35858197441987,14,15,18,0.0,0.0,10.0
959,FwIgmXcZ,93315855,ZQBXTJLA,1,3,2,7.297574564,11,18,18,2.0,2.0,7.0
960,FwIgmXcZ,93315855,ZQBXTJLA,2,2,1,98.923631684596,11,12,19,0.0,0.0,10.0
961,FwIgmXcZ,93315855,ZQBXTJLA,3,3,1,124.47847837775,1,1,2,1.0,1.0,14.0
962,FwIgmXcZ,93315855,ZQBXTJLA,4,1,1,31.467996729627902,2,18,18,2.0,2.0,11.0
963,FwIgmXcZ,93315855,ZQBXTJLA,5,4,0,0.0,1,7,14,2.0,2.0,8.0
964,FwIgmXcZ,93315855,ZQBXTJLA,6,1,0,0.0,3,14,20,0.0,0.0,8.0
965,FwIgmXcZ,93315855,ZQBXTJLA,7,1,1,1.7125846421497,7,8,18,1.0,1.0,14.0
966,FwIgmXcZ,93374736,JNTDXXKM,1,3,1,16.381343126565,6,9,18,4.0,4.0,17.0
967,FwIgmXcZ,93374736,JNTDXXKM,2,2,2,95.6385629794878,1,6,19,1.0,1.0,9.0
968,FwIgmXcZ,93374736,JNTDXXKM,3,3,0,0.0,1,1,2,0.0,0.0,9.0
969,FwIgmXcZ,93374736,JNTDXXKM,4,1,1,57.825229822693,12,14,18,1.0,1.0,14.0
970,FwIgmXcZ,93374736,JNTDXXKM,5,4,0,0.0,12,14,14,0.0,0.0,10.0
971,FwIgmXcZ,93374736,JNTDXXKM,6,1,0,0.0,1,9,20,0.0,0.0,13.0
972,FwIgmXcZ,93374736,JNTDXXKM,7,1,0,0.0,1,1,18,0.0,0.0,4.0
973,FwIgmXcZ,93571405,KFZULFJP,1,3,3,24.2215388368,1,15,18,0.0,0.0,8.0
974,FwIgmXcZ,93571405,KFZULFJP,2,2,1,59.87191384867,1,6,19,0.0,0.0,8.0
975,FwIgmXcZ,93571405,KFZULFJP,3,3,3,78.232883952866,1,1,2,0.0,0.0,17.0
976,FwIgmXcZ,93571405,KFZULFJP,4,1,0,0.0,2,13,18,1.0,1.0,6.0
977,FwIgmXcZ,93571405,KFZULFJP,5,4,0,0.0,5,1,14,2.0,2.0,13.0
978,FwIgmXcZ,93571405,KFZULFJP,6,1,0,0.0,1,2,20,0.0,0.0,10.0
979,FwIgmXcZ,93571405,KFZULFJP,7,1,1,48.74856831386293,8,8,18,2.0,2.0,10.0
980,FwIgmXcZ,93826778,JNTVWIOT,1,3,3,17.262425171875,2,2,18,4.0,4.0,21.0
981,FwIgmXcZ,93826778,JNTVWIOT,2,2,2,59.268716623956,7,18,19,1.0,1.0,7.0
982,FwIgmXcZ,93826778,JNTVWIOT,3,3,3,42.448813294151,1,1,2,0.0,0.0,17.0
983,FwIgmXcZ,93826778,JNTVWIOT,4,1,0,0.0,13,17,18,0.0,0.0,9.0
984,FwIgmXcZ,93826778,JNTVWIOT,5,4,4,53.72537256577,4,7,14,2.0,2.0,9.0
985,FwIgmXcZ,93826778,JNTVWIOT,6,1,0,0.0,1,3,20,1.0,1.0,6.0
986,FwIgmXcZ,93826778,JNTVWIOT,7,1,1,12.188351656553928,11,16,18,1.0,1.0,10.0
987,FwIgmXcZ,94021892,BDLFQGVX,1,3,2,51.4111947818,7,11,18,1.0,1.0,14.0
988,FwIgmXcZ,94021892,BDLFQGVX,2,2,0,0.0,6,13,19,1.0,1.0,9.0
989,FwIgmXcZ,94021892,BDLFQGVX,3,3,0,0.0,1,1,2,1.0,1.0,13.0
990,FwIgmXcZ,94021892,BDLFQGVX,4,1,1,25.26596441526304,1,1,18,3.0,3.0,8.0
991,FwIgmXcZ,94021892,BDLFQGVX,5,4,2,117.218693854,6,13,14,2.0,2.0,12.0
992,FwIgmXcZ,94021892,BDLFQGVX,6,1,0,0.0,2,16,20,2.0,2.0,12.0
993,FwIgmXcZ,94021892,BDLFQGVX,7,1,1,4.37315863814,12,15,18,4.0,4.0,6.0
994,FwIgmXcZ,94225508,HYHYELWJ,1,3,1,63.213445389585,3,7,18,1.0,1.0,11.0
995,FwIgmXcZ,94225508,HYHYELWJ,2,2,1,124.89947599859,3,4,19,0.0,0.0,9.0
996,FwIgmXcZ,94225508,HYHYELWJ,3,3,0,0.0,1,1,2,0.0,0.0,13.0
997,FwIgmXcZ,94225508,HYHYELWJ,4,1,0,0.0,1,14,18,0.0,0.0,11.0
998,FwIgmXcZ,94225508,HYHYELWJ,5,4,1,118.16389954878223,12,12,14,3.0,3.0,10.0
999,FwIgmXcZ,94225508,HYHYELWJ,6,1,1,87.359234866453,1,1,20,0.0,0.0,10.0
1000,FwIgmXcZ,94225508,HYHYELWJ,7,1,1,2.39391226856,16,17,18,0.0,0.0,6.0
1001,FwIgmXcZ,95318581,UJFSGMBU,1,3,1,123.85178965230995,1,4,18,0.0,0.0,12.0
1002,FwIgmXcZ,95318581,UJFSGMBU,2,2,0,0.0,13,15,19,1.0,1.0,10.0
1003,FwIgmXcZ,95318581,UJFSGMBU,3,3,1,68.647538381449,1,2,2,1.0,1.0,14.0
1004,FwIgmXcZ,95318581,UJFSGMBU,4,1,0,0.0,1,8,18,1.0,1.0,13.0
1005,FwIgmXcZ,95318581,UJFSGMBU,5,4,2,3.558766213497,7,14,14,2.0,2.0,12.0
1006,FwIgmXcZ,95318581,UJFSGMBU,6,1,0,0.0,3,17,20,1.0,1.0,8.0
1007,FwIgmXcZ,95318581,UJFSGMBU,7,1,0,0.0,2,15,18,1.0,1.0,13.0
1008,FwIgmXcZ,96473144,TDETONYG,1,3,2,11.22499616137,1,3,18,0.0,0.0,17.0
1009,FwIgmXcZ,96473144,TDETONYG,2,2,1,121.2813865425,9,9,19,0.0,0.0,4.0
1010,FwIgmXcZ,96473144,TDETONYG,3,3,1,17.19145811234,1,1,2,0.0,0.0,17.0
1011,FwIgmXcZ,96473144,TDETONYG,4,1,1,117.76224377589891,7,12,18,2.0,2.0,9.0
1012,FwIgmXcZ,96473144,TDETONYG,5,4,4,14.44225542697,1,1,14,1.0,1.0,5.0
1013,FwIgmXcZ,96473144,TDETONYG,6,1,0,0.0,5,7,20,0.0,0.0,8.0
1014,FwIgmXcZ,96473144,TDETONYG,7,1,0,0.0,8,11,18,1.0,1.0,18.0
1015,FwIgmXcZ,96802067,HYGUGDBN,1,3,2,113.72914855799,2,2,18,0.0,0.0,8.0
1016,FwIgmXcZ,96802067,HYGUGDBN,2,2,2,53.422359735845,2,13,19,0.0,0.0,9.0
1017,FwIgmXcZ,96802067,HYGUGDBN,3,3,3,17.94478473136,1,2,2,1.0,1.0,14.0
1018,FwIgmXcZ,96802067,HYGUGDBN,4,1,1,29.1854666783,1,1,18,2.0,2.0,14.0
1019,FwIgmXcZ,96802067,HYGUGDBN,5,4,0,0.0,2,5,14,1.0,1.0,9.0
1020,FwIgmXcZ,96802067,HYGUGDBN,6,1,1,58.26473875388,3,13,20,1.0,1.0,8.0
1021,FwIgmXcZ,96802067,HYGUGDBN,7,1,1,25.287578436216002,5,17,18,1.0,1.0,9.0
1022,FwIgmXcZ,98296401,IUQFLMQX,1,3,0,0.0,4,7,18,1.0,1.0,17.0
1023,FwIgmXcZ,98296401,IUQFLMQX,2,2,2,28.987713342776,9,13,19,1.0,1.0,10.0
1024,FwIgmXcZ,98296401,IUQFLMQX,3,3,3,57.687852939468584,1,1,2,2.0,2.0,14.0
1025,FwIgmXcZ,98296401,IUQFLMQX,4,1,1,18.468861956719,18,18,18,1.0,1.0,8.0
1026,FwIgmXcZ,98296401,IUQFLMQX,5,4,0,0.0,1,7,14,1.0,1.0,2.0
1027,FwIgmXcZ,98296401,IUQFLMQX,6,1,1,61.96916164586,4,13,20,0.0,0.0,5.0
1028,FwIgmXcZ,98296401,IUQFLMQX,7,1,0,0.0,1,8,18,0.0,0.0,9.0
1029,FwIgmXcZ,98305942,YSOHENIT,1,3,0,0.0,7,8,18,1.0,1.0,11.0
1030,FwIgmXcZ,98305942,YSOHENIT,2,2,0,0.0,11,15,19,1.0,1.0,6.0
1031,FwIgmXcZ,98305942,YSOHENIT,3,3,3,55.286955583674,1,1,2,2.0,2.0,10.0
1032,FwIgmXcZ,98305942,YSOHENIT,4,1,1,64.265187289666,1,11,18,2.0,2.0,6.0
1033,FwIgmXcZ,98305942,YSOHENIT,5,4,0,0.0,5,5,14,0.0,0.0,9.0
1034,FwIgmXcZ,98305942,YSOHENIT,6,1,0,0.0,1,1,20,0.0,0.0,10.0
1035,FwIgmXcZ,98305942,YSOHENIT,7,1,1,81.44649176155352,6,6,18,0.0,0.0,9.0
1036,FwIgmXcZ,98622345,WTCAIWQF,1,3,3,31.983481285665082,1,1,18,2.0,2.0,16.0
1037,FwIgmXcZ,98622345,WTCAIWQF,2,2,0,0.0,8,9,19,1.0,1.0,15.0
1038,FwIgmXcZ,98622345,WTCAIWQF,3,3,0,0.0,1,2,2,3.0,3.0,20.0
1039,FwIgmXcZ,98622345,WTCAIWQF,4,1,1,65.88947173868806,2,3,18,2.0,2.0,8.0
1040,FwIgmXcZ,98622345,WTCAIWQF,5,4,2,64.86576834534,3,3,14,0.0,0.0,8.0
1041,FwIgmXcZ,98622345,WTCAIWQF,6,1,1,65.631983698593,8,15,20,0.0,0.0,6.0
1042,FwIgmXcZ,98622345,WTCAIWQF,7,1,0,0.0,9,9,18,0.0,0.0,6.0
1043,FwIgmXcZ,98768783,JFBROCRB,1,3,1,12.59817232697,7,8,18,0.0,0.0,16.0
1044,FwIgmXcZ,98768783,JFBROCRB,2,2,2,68.933729687478,6,6,19,2.0,2.0,11.0
1045,FwIgmXcZ,98768783,JFBROCRB,3,3,2,29.991376874343,1,2,2,3.0,3.0,20.0
1046,FwIgmXcZ,98768783,JFBROCRB,4,1,1,68.86638263811183,8,17,18,0.0,0.0,8.0
1047,FwIgmXcZ,98768783,JFBROCRB,5,4,4,68.98422841957,1,4,14,1.0,1.0,10.0
1048,FwIgmXcZ,98768783,JFBROCRB,6,1,1,91.88283237229389,5,8,20,3.0,3.0,14.0
1049,FwIgmXcZ,98768783,JFBROCRB,7,1,0,0.0,2,6,18,1.0,1.0,11.0
1050,FwIgmXcZ,99145944,ICCYFAGZ,1,3,1,76.71666354144521,2,14,18,2.0,2.0,14.0
1051,FwIgmXcZ,99145944,ICCYFAGZ,2,2,1,58.83864998751381,3,5,19,0.0,0.0,12.0
1052,FwIgmXcZ,99145944,ICCYFAGZ,3,3,3,29.151811764377,1,1,2,0.0,0.0,18.0
1053,FwIgmXcZ,99145944,ICCYFAGZ,4,1,1,88.954568443935,14,14,18,2.0,2.0,6.0
1054,FwIgmXcZ,99145944,ICCYFAGZ,5,4,1,33.69538339671182,4,5,14,0.0,0.0,5.0
1055,FwIgmXcZ,99145944,ICCYFAGZ,6,1,1,61.432769266989,2,8,20,1.0,1.0,7.0
1056,FwIgmXcZ,99145944,ICCYFAGZ,7,1,1,52.7783492326,12,12,18,1.0,1.0,12.0
